file_id,status,size_bytes,compressed,intern_ptrs,extern_ptrs,total_ptrs,num_words,density_pct
0,ok,98384,True,127,0,127,24596,0.52
1,ok,34112,True,40,0,40,8528,0.47
2,ok,25552,True,24,0,24,6388,0.38
3,ok,25248,True,32,0,32,6312,0.51
4,ok,47520,True,40,0,40,11880,0.34
5,ok,19136,True,18,0,18,4784,0.38
6,ok,24928,True,40,0,40,6232,0.64
7,ok,24496,True,27,0,27,6124,0.44
8,ok,39072,True,83,0,83,9768,0.85
9,ok,21328,True,22,0,22,5332,0.41
10,ok,3584,True,9,0,9,896,1.00
11,ok,85056,True,153,0,153,21264,0.72
12,ok,4320,True,24,0,24,1080,2.22
13,ok,108192,True,45,0,45,27048,0.17
14,ok,160720,True,44,0,44,40180,0.11
15,ok,39152,True,23,0,23,9788,0.23
16,ok,198864,True,185,0,185,49716,0.37
17,ok,71184,True,159,0,159,17796,0.89
18,ok,4256,True,10,0,10,1064,0.94
19,ok,150048,True,75,0,75,37512,0.20
20,ok,16320,True,20,0,20,4080,0.49
21,ok,1168,True,3,0,3,292,1.03
22,ok,1520,True,6,0,6,380,1.58
23,ok,13040,True,35,0,35,3260,1.07
24,ok,1504,True,10,0,10,376,2.66
25,ok,208,True,3,0,3,52,5.77
26,ok,132960,True,38,0,38,33240,0.11
27,ok,132960,True,38,0,38,33240,0.11
28,ok,132960,True,38,0,38,33240,0.11
29,ok,82416,True,240,0,240,20604,1.16
30,ok,56960,True,67,0,67,14240,0.47
31,ok,21776,True,111,0,111,5444,2.04
32,ok,3280,True,6,0,6,820,0.73
33,ok,4128,True,58,0,58,1032,5.62
34,ok,58096,True,37,0,37,14524,0.25
35,ok,23264,True,170,0,170,5816,2.92
36,ok,2336,True,26,0,26,584,4.45
37,ok,32416,True,56,0,56,8104,0.69
38,ok,3840,True,12,0,12,960,1.25
39,ok,16352,True,407,0,407,4088,9.96
40,ok,47600,True,757,0,757,11900,6.36
41,ok,16864,True,221,0,221,4216,5.24
42,ok,4320,True,47,0,47,1080,4.35
43,ok,8208,True,95,0,95,2052,4.63
44,ok,9504,True,75,0,75,2376,3.16
45,ok,30768,True,808,0,808,7692,10.50
46,ok,16304,True,203,0,203,4076,4.98
47,ok,4176,True,47,0,47,1044,4.50
48,ok,24544,True,413,0,413,6136,6.73
49,ok,4208,True,47,0,47,1052,4.47
50,ok,32368,True,377,0,377,8092,4.66
51,ok,17040,True,211,0,211,4260,4.95
52,ok,149280,True,480,0,480,37320,1.29
53,ok,176928,True,54,0,54,44232,0.12
54,ok,157376,True,48,0,48,39344,0.12
55,ok,22768,True,21,0,21,5692,0.37
56,ok,1008,True,0,0,0,252,0.00
57,ok,80,True,0,0,0,20,0.00
58,ok,112,True,0,0,0,28,0.00
59,ok,224,True,0,0,0,56,0.00
60,ok,240,True,0,0,0,60,0.00
61,ok,167600,True,62,0,62,41900,0.15
62,ok,245008,True,81,0,81,61252,0.13
63,ok,4592,True,20,0,20,1148,1.74
64,ok,400,True,0,0,0,100,0.00
65,ok,384,True,0,0,0,96,0.00
66,ok,19168,True,330,0,330,4792,6.89
67,ok,51616,True,330,0,330,12904,2.56
68,ok,35440,True,51,0,51,8860,0.58
69,ok,36656,True,101,0,101,9164,1.10
70,ok,46416,True,25,0,25,11604,0.22
71,ok,257696,True,151,0,151,64424,0.23
72,ok,5248,True,16,0,16,1312,1.22
73,ok,249056,True,701,0,701,62264,1.13
74,ok,158928,True,45,0,45,39732,0.11
75,ok,15024,True,166,0,166,3756,4.42
76,ok,1264,True,0,0,0,316,0.00
77,ok,31488,True,42,0,42,7872,0.53
78,ok,2960,True,2,0,2,740,0.27
79,ok,140608,True,48,0,48,35152,0.14
80,ok,83920,True,183,0,183,20980,0.87
81,ok,1104,True,2,0,2,276,0.72
82,ok,152288,True,75,0,75,38072,0.20
83,ok,52736,True,98,0,98,13184,0.74
84,ok,28352,True,166,0,166,7088,2.34
85,ok,13616,True,143,0,143,3404,4.20
86,ok,79584,True,402,0,402,19896,2.02
87,ok,160,True,2,0,2,40,5.00
88,ok,158928,True,45,0,45,39732,0.11
89,ok,158928,True,45,0,45,39732,0.11
90,ok,158928,True,45,0,45,39732,0.11
91,ok,158928,True,45,0,45,39732,0.11
92,ok,158928,True,45,0,45,39732,0.11
93,ok,158928,True,45,0,45,39732,0.11
94,ok,158928,True,45,0,45,39732,0.11
95,ok,158928,True,45,0,45,39732,0.11
96,ok,158928,True,45,0,45,39732,0.11
97,ok,158928,True,45,0,45,39732,0.11
98,ok,158928,True,45,0,45,39732,0.11
99,ok,158928,True,45,0,45,39732,0.11
100,ok,10176,True,0,0,0,2544,0.00
101,ok,6560,True,48,34,82,1640,5.00
102,ok,10496,True,63,42,105,2624,4.00
103,ok,12224,True,0,0,0,3056,0.00
104,ok,17392,True,114,57,171,4348,3.93
105,ok,57184,True,322,0,322,14296,2.25
106,ok,17696,True,134,0,134,4424,3.03
107,ok,27792,True,175,0,175,6948,2.52
108,ok,62944,True,225,0,225,15736,1.43
109,ok,47120,True,227,0,227,11780,1.93
110,ok,21040,True,0,0,0,5260,0.00
111,ok,47408,True,198,42,240,11852,2.02
112,ok,66160,True,293,0,293,16540,1.77
113,ok,26768,True,179,0,179,6692,2.67
114,ok,76128,True,675,0,675,19032,3.55
115,ok,3680,True,20,18,38,920,4.13
116,ok,17328,True,43,0,43,4332,0.99
117,ok,16320,True,151,0,151,4080,3.70
118,ok,17744,True,96,36,132,4436,2.98
119,ok,158928,True,45,0,45,39732,0.11
120,ok,2672,True,0,0,0,668,0.00
121,ok,2032,True,0,0,0,508,0.00
122,ok,976,True,0,0,0,244,0.00
123,ok,3024,True,0,0,0,756,0.00
124,ok,9152,True,65,17,82,2288,3.58
125,ok,10080,True,67,16,83,2520,3.29
126,ok,9392,True,56,14,70,2348,2.98
127,ok,7584,True,52,14,66,1896,3.48
128,ok,8832,True,55,12,67,2208,3.03
129,ok,10720,True,69,22,91,2680,3.40
130,ok,13536,True,75,25,100,3384,2.96
131,ok,7648,True,48,18,66,1912,3.45
132,ok,10112,True,66,22,88,2528,3.48
133,ok,11488,True,59,16,75,2872,2.61
134,ok,9808,True,58,17,75,2452,3.06
135,ok,12496,True,68,16,84,3124,2.69
136,ok,25392,True,155,0,155,6348,2.44
137,ok,15648,True,79,22,101,3912,2.58
138,ok,68624,True,167,58,225,17156,1.31
139,ok,13760,True,71,16,87,3440,2.53
140,ok,10736,True,97,26,123,2684,4.58
141,ok,16032,True,127,26,153,4008,3.82
142,ok,18768,True,116,29,145,4692,3.09
143,ok,14352,True,122,25,147,3588,4.10
144,ok,20368,True,114,32,146,5092,2.87
145,ok,15568,True,104,28,132,3892,3.39
146,ok,18672,True,127,16,143,4668,3.06
147,ok,21728,True,271,47,318,5432,5.85
148,ok,16576,True,128,42,170,4144,4.10
149,ok,26768,True,161,0,161,6692,2.41
150,ok,4480,True,4,0,4,1120,0.36
151,ok,544,True,6,0,6,136,4.41
152,ok,14080,True,147,0,147,3520,4.18
153,ok,7680,True,94,2,96,1920,5.00
154,ok,1712,True,16,0,16,428,3.74
155,ok,5136,True,40,4,44,1284,3.43
156,ok,64,True,2,0,2,16,12.50
157,ok,3536,True,16,0,16,884,1.81
158,ok,3296,True,10,0,10,824,1.21
159,ok,10976,True,43,0,43,2744,1.57
160,ok,2704,True,35,6,41,676,6.07
161,ok,12160,True,85,3,88,3040,2.89
162,ok,2320,True,19,0,19,580,3.28
163,ok,912,True,4,0,4,228,1.75
164,ok,5664,True,24,0,24,1416,1.69
165,ok,4736,True,30,0,30,1184,2.53
166,ok,976,True,13,0,13,244,5.33
167,ok,168096,True,151,0,151,42024,0.36
168,ok,125760,True,60,0,60,31440,0.19
169,ok,33968,True,19,0,19,8492,0.22
170,ok,132960,True,38,0,38,33240,0.11
171,ok,132960,True,38,0,38,33240,0.11
172,ok,132960,True,38,0,38,33240,0.11
173,ok,132960,True,38,0,38,33240,0.11
174,ok,132960,True,38,0,38,33240,0.11
175,ok,132960,True,38,0,38,33240,0.11
176,ok,132960,True,38,0,38,33240,0.11
177,ok,132960,True,38,0,38,33240,0.11
178,ok,132960,True,38,0,38,33240,0.11
179,ok,132960,True,38,0,38,33240,0.11
180,ok,132960,True,38,0,38,33240,0.11
181,ok,132960,True,38,0,38,33240,0.11
182,ok,132960,True,38,0,38,33240,0.11
183,ok,132960,True,38,0,38,33240,0.11
184,ok,132960,True,38,0,38,33240,0.11
185,ok,132960,True,38,0,38,33240,0.11
186,ok,132960,True,38,0,38,33240,0.11
187,ok,132960,True,38,0,38,33240,0.11
188,ok,132960,True,38,0,38,33240,0.11
189,ok,132960,True,38,0,38,33240,0.11
190,ok,132960,True,38,0,38,33240,0.11
191,ok,132960,True,38,0,38,33240,0.11
192,ok,132960,True,38,0,38,33240,0.11
193,ok,132960,True,38,0,38,33240,0.11
194,ok,29712,True,9,0,9,7428,0.12
195,ok,31056,True,166,0,166,7764,2.14
196,ok,7584,True,18,0,18,1896,0.95
197,ok,6416,True,32,0,32,1604,2.00
198,ok,122976,True,144,0,144,30744,0.47
199,ok,64,True,0,0,0,16,0.00
200,ok,80,True,0,0,0,20,0.00
201,ok,2096,True,54,0,54,524,10.31
202,ok,6560,True,34,23,57,1640,3.48
203,ok,1904,True,13,48,61,476,12.82
204,ok,64,True,0,2,2,16,12.50
205,ok,320,True,3,0,3,80,3.75
206,ok,1520,True,9,18,27,380,7.11
207,ok,1504,True,8,13,21,376,5.59
208,ok,6816,True,38,23,61,1704,3.58
209,ok,1984,True,14,51,65,496,13.10
210,ok,64,True,0,1,1,16,6.25
211,ok,1520,True,8,13,21,380,5.53
212,ok,7376,True,34,23,57,1844,3.09
213,ok,2032,True,13,81,94,508,18.50
214,ok,1504,True,7,13,20,376,5.32
215,ok,1808,True,11,66,77,452,17.04
216,ok,7872,True,52,23,75,1968,3.81
217,ok,2400,True,19,89,108,600,18.00
218,ok,64,True,0,1,1,16,6.25
219,ok,1808,True,8,19,27,452,5.97
220,ok,6704,True,34,23,57,1676,3.40
221,ok,2256,True,14,62,76,564,13.48
222,ok,64,True,0,2,2,16,12.50
223,ok,1504,True,8,13,21,376,5.59
224,ok,7920,True,33,23,56,1980,2.83
225,ok,2640,True,21,93,114,660,17.27
226,ok,64,True,0,2,2,16,12.50
227,ok,1568,True,8,13,21,392,5.36
228,ok,9648,True,54,23,77,2412,3.19
229,ok,2896,True,18,144,162,724,22.38
230,ok,48,True,0,9,9,12,75.00
231,ok,1552,True,8,13,21,388,5.41
232,ok,6016,True,37,23,60,1504,3.99
233,ok,1984,True,13,41,54,496,10.89
234,ok,1520,True,8,13,21,380,5.53
235,ok,7600,True,37,23,60,1900,3.16
236,ok,2000,True,13,77,90,500,18.00
237,ok,1520,True,8,13,21,380,5.53
238,ok,6064,True,42,23,65,1516,4.29
239,ok,2320,True,16,71,87,580,15.00
240,ok,128,True,0,5,5,32,15.62
241,ok,1600,True,10,17,27,400,6.75
242,ok,5984,True,43,23,66,1496,4.41
243,ok,1904,True,12,47,59,476,12.39
244,ok,112,True,0,6,6,28,21.43
245,ok,1520,True,8,14,22,380,5.79
246,ok,6080,True,36,23,59,1520,3.88
247,ok,2000,True,12,57,69,500,13.80
248,ok,1536,True,8,13,21,384,5.47
249,ok,2480,True,6,2,8,620,1.29
250,ok,1072,True,7,6,13,268,4.85
251,ok,3392,True,0,68,68,848,8.02
252,ok,6096,True,0,22,22,1524,1.44
253,ok,80,True,0,1,1,20,5.00
254,ok,672,True,0,118,118,168,70.24
255,ok,192,True,1,9,10,48,20.83
256,ok,192,True,1,6,7,48,14.58
257,ok,224,True,1,7,8,56,14.29
258,ok,192,True,1,9,10,48,20.83
259,ok,192,True,1,9,10,48,20.83
260,ok,368,True,1,14,15,92,16.30
261,ok,224,True,1,8,9,56,16.07
262,ok,304,True,1,9,10,76,13.16
263,ok,192,True,1,10,11,48,22.92
264,ok,832,True,1,23,24,208,11.54
265,ok,224,True,1,5,6,56,10.71
266,ok,176,True,0,6,6,44,13.64
267,ok,176,True,0,6,6,44,13.64
268,ok,192,True,1,3,4,48,8.33
269,ok,192,True,1,14,15,48,31.25
270,ok,192,True,1,7,8,48,16.67
271,ok,176,True,0,5,5,44,11.36
272,ok,176,True,0,5,5,44,11.36
273,ok,176,True,0,5,5,44,11.36
274,ok,176,True,0,5,5,44,11.36
275,ok,176,True,0,5,5,44,11.36
276,ok,176,True,0,5,5,44,11.36
277,ok,176,True,0,5,5,44,11.36
278,ok,176,True,0,5,5,44,11.36
279,ok,176,True,0,5,5,44,11.36
280,ok,176,True,0,5,5,44,11.36
281,ok,176,True,0,5,5,44,11.36
282,ok,176,True,0,5,5,44,11.36
283,ok,176,True,0,5,5,44,11.36
284,ok,176,True,0,8,8,44,18.18
285,ok,176,True,0,5,5,44,11.36
286,ok,176,True,0,6,6,44,13.64
287,ok,176,True,0,5,5,44,11.36
288,ok,176,True,0,5,5,44,11.36
289,ok,176,True,0,5,5,44,11.36
290,ok,176,True,0,5,5,44,11.36
291,ok,176,True,0,6,6,44,13.64
292,ok,176,True,0,5,5,44,11.36
293,ok,176,True,0,6,6,44,13.64
294,ok,176,True,0,6,6,44,13.64
295,ok,272,True,0,7,7,68,10.29
296,ok,29968,True,232,4,236,7492,3.15
297,ok,656,True,7,0,7,164,4.27
298,ok,10752,True,143,0,143,2688,5.32
299,ok,192,True,0,0,0,48,0.00
300,ok,12096,True,71,0,71,3024,2.35
301,ok,11952,True,36,28,64,2988,2.14
302,ok,560,True,0,0,0,140,0.00
303,ok,13008,True,42,36,78,3252,2.40
304,ok,13312,True,73,36,109,3328,3.28
305,ok,10032,True,25,14,39,2508,1.56
306,ok,10336,True,27,14,41,2584,1.59
307,ok,11344,True,66,28,94,2836,3.31
308,ok,12752,True,35,30,65,3188,2.04
309,ok,19408,True,55,32,87,4852,1.79
310,ok,13872,True,46,36,82,3468,2.36
311,ok,12832,True,38,30,68,3208,2.12
312,ok,13792,True,39,32,71,3448,2.06
313,ok,32336,True,286,4,290,8084,3.59
314,ok,11184,True,162,0,162,2796,5.79
315,ok,1312,True,4,0,4,328,1.22
316,ok,144,True,1,0,1,36,2.78
317,ok,54784,True,839,4,843,13696,6.16
318,ok,9984,True,137,0,137,2496,5.49
319,ok,832,True,5,0,5,208,2.40
320,ok,58704,True,704,0,704,14676,4.80
321,ok,848,True,3,0,3,212,1.42
322,ok,10080,True,135,0,135,2520,5.36
323,ok,32528,True,265,4,269,8132,3.31
324,ok,73584,True,526,4,530,18396,2.88
325,ok,1776,True,16,0,16,444,3.60
326,ok,464,True,3,0,3,116,2.59
327,ok,11840,True,176,0,176,2960,5.95
328,ok,120864,True,1080,2,1082,30216,3.58
329,ok,11968,True,144,0,144,2992,4.81
330,ok,32224,True,308,0,308,8056,3.82
331,ok,17936,True,144,0,144,4484,3.21
332,ok,51344,True,814,4,818,12836,6.37
333,ok,2160,True,11,0,11,540,2.04
334,ok,10976,True,128,0,128,2744,4.66
335,ok,50112,True,364,4,368,12528,2.94
336,ok,2976,True,22,0,22,744,2.96
337,ok,12496,True,168,0,168,3124,5.38
338,ok,44256,True,562,10,572,11064,5.17
339,ok,3696,True,12,0,12,924,1.30
340,ok,7040,True,168,0,168,1760,9.55
341,ok,39984,True,422,4,426,9996,4.26
342,ok,9104,True,104,0,104,2276,4.57
343,ok,14144,True,176,0,176,3536,4.98
344,ok,11584,True,130,0,130,2896,4.49
345,ok,768,True,5,0,5,192,2.60
346,ok,3632,True,17,0,17,908,1.87
347,ok,7008,True,39,0,39,1752,2.23
348,ok,10512,True,52,0,52,2628,1.98
349,ok,3232,True,23,0,23,808,2.85
350,ok,26080,True,80,0,80,6520,1.23
351,ok,12112,True,38,0,38,3028,1.25
352,ok,2832,True,13,0,13,708,1.84
353,ok,6672,True,44,0,44,1668,2.64
354,ok,1984,True,10,0,10,496,2.02
355,ok,2352,True,8,0,8,588,1.36
356,ok,1856,True,12,0,12,464,2.59
357,ok,4848,True,17,0,17,1212,1.40
358,ok,7808,True,17,0,17,1952,0.87
359,ok,4400,True,18,0,18,1100,1.64
360,ok,2080,True,16,0,16,520,3.08
361,ok,3552,True,18,0,18,888,2.03
362,ok,1248,True,25,0,25,312,8.01
363,ok,3184,True,18,0,18,796,2.26
364,ok,10352,True,16,0,16,2588,0.62
365,ok,7872,True,18,0,18,1968,0.91
366,ok,2496,True,17,0,17,624,2.72
367,ok,400,True,17,0,17,100,17.00
368,ok,400,True,15,0,15,100,15.00
369,ok,416,True,15,0,15,104,14.42
370,ok,5968,True,19,0,19,1492,1.27
371,ok,6096,True,19,0,19,1524,1.25
372,ok,2528,True,18,0,18,632,2.85
373,ok,2672,True,18,0,18,668,2.69
374,ok,1424,True,19,0,19,356,5.34
375,ok,3904,True,19,0,19,976,1.95
376,ok,11456,True,19,0,19,2864,0.66
377,ok,3776,True,19,0,19,944,2.01
378,ok,496,True,18,0,18,124,14.52
379,ok,464,True,19,0,19,116,16.38
380,ok,448,True,19,0,19,112,16.96
381,ok,5872,True,19,0,19,1468,1.29
382,ok,7984,True,19,0,19,1996,0.95
383,ok,6912,True,19,0,19,1728,1.10
384,ok,6320,True,18,0,18,1580,1.14
385,ok,1728,True,18,0,18,432,4.17
386,ok,1280,True,19,0,19,320,5.94
387,ok,3888,True,19,0,19,972,1.95
388,ok,8640,True,19,0,19,2160,0.88
389,ok,3088,True,20,0,20,772,2.59
390,ok,400,True,17,0,17,100,17.00
391,ok,448,True,19,0,19,112,16.96
392,ok,544,True,19,0,19,136,13.97
393,ok,5184,True,16,0,16,1296,1.23
394,ok,3344,True,15,0,15,836,1.79
395,ok,4624,True,16,0,16,1156,1.38
396,ok,1904,True,15,0,15,476,3.15
397,ok,2112,True,17,0,17,528,3.22
398,ok,3504,True,17,0,17,876,1.94
399,ok,7456,True,17,0,17,1864,0.91
400,ok,2400,True,17,0,17,600,2.83
401,ok,480,True,18,0,18,120,15.00
402,ok,416,True,16,0,16,104,15.38
403,ok,352,True,15,0,15,88,17.05
404,ok,6720,True,20,0,20,1680,1.19
405,ok,5696,True,20,0,20,1424,1.40
406,ok,5200,True,21,0,21,1300,1.62
407,ok,2768,True,20,0,20,692,2.89
408,ok,1728,True,30,0,30,432,6.94
409,ok,3744,True,21,0,21,936,2.24
410,ok,9104,True,20,0,20,2276,0.88
411,ok,4704,True,20,0,20,1176,1.70
412,ok,2576,True,21,0,21,644,3.26
413,ok,560,True,20,0,20,140,14.29
414,ok,512,True,21,0,21,128,16.41
415,ok,432,True,17,0,17,108,15.74
416,ok,8848,True,17,0,17,2212,0.77
417,ok,10880,True,17,0,17,2720,0.62
418,ok,2704,True,16,0,16,676,2.37
419,ok,8544,True,16,0,16,2136,0.75
420,ok,1360,True,16,0,16,340,4.71
421,ok,3776,True,16,0,16,944,1.69
422,ok,9008,True,16,0,16,2252,0.71
423,ok,1248,True,16,0,16,312,5.13
424,ok,5360,True,16,0,16,1340,1.19
425,ok,2112,True,16,0,16,528,3.03
426,ok,384,True,15,0,15,96,15.62
427,ok,512,True,16,0,16,128,12.50
428,ok,2192,True,16,0,16,548,2.92
429,ok,4816,True,19,0,19,1204,1.58
430,ok,7088,True,16,0,16,1772,0.90
431,ok,6704,True,18,0,18,1676,1.07
432,ok,1760,True,16,0,16,440,3.64
433,ok,3632,True,18,0,18,908,1.98
434,ok,9648,True,18,0,18,2412,0.75
435,ok,400,True,17,0,17,100,17.00
436,ok,7216,True,20,0,20,1804,1.11
437,ok,5200,True,20,0,20,1300,1.54
438,ok,11792,True,21,0,21,2948,0.71
439,ok,1968,True,20,0,20,492,4.07
440,ok,3952,True,20,0,20,988,2.02
441,ok,11392,True,17,0,17,2848,0.60
442,ok,544,True,20,0,20,136,14.71
443,ok,4000,True,20,0,20,1000,2.00
444,ok,5600,True,19,0,19,1400,1.36
445,ok,7936,True,20,0,20,1984,1.01
446,ok,1232,True,19,0,19,308,6.17
447,ok,2144,True,20,0,20,536,3.73
448,ok,3888,True,20,0,20,972,2.06
449,ok,8640,True,20,0,20,2160,0.93
450,ok,1280,True,18,0,18,320,5.62
451,ok,1264,True,23,0,23,316,7.28
452,ok,2384,True,21,0,21,596,3.52
453,ok,736,True,19,0,19,184,10.33
454,ok,4688,True,19,0,19,1172,1.62
455,ok,528,True,19,0,19,132,14.39
456,ok,464,True,20,0,20,116,17.24
457,ok,4656,True,20,0,20,1164,1.72
458,ok,4512,True,21,0,21,1128,1.86
459,ok,8528,True,20,0,20,2132,0.94
460,ok,5632,True,20,0,20,1408,1.42
461,ok,544,True,20,0,20,136,14.71
462,ok,6912,True,18,0,18,1728,1.04
463,ok,5440,True,16,0,16,1360,1.18
464,ok,2800,True,17,0,17,700,2.43
465,ok,3280,True,18,0,18,820,2.20
466,ok,8128,True,18,0,18,2032,0.89
467,ok,480,True,18,0,18,120,15.00
468,ok,432,True,18,0,18,108,16.67
469,ok,5216,True,16,0,16,1304,1.23
470,ok,4496,True,16,0,16,1124,1.42
471,ok,3872,True,16,0,16,968,1.65
472,ok,1024,True,16,0,16,256,6.25
473,ok,3424,True,16,0,16,856,1.87
474,ok,7120,True,16,0,16,1780,0.90
475,ok,384,True,16,0,16,96,16.67
476,ok,4880,True,21,0,21,1220,1.72
477,ok,2336,True,20,0,20,584,3.42
478,ok,1408,True,20,0,20,352,5.68
479,ok,1968,True,20,0,20,492,4.07
480,ok,1728,True,20,0,20,432,4.63
481,ok,3648,True,20,0,20,912,2.19
482,ok,9568,True,19,0,19,2392,0.79
483,ok,5488,True,19,0,19,1372,1.38
484,ok,5008,True,20,0,20,1252,1.60
485,ok,464,True,19,0,19,116,16.38
486,ok,512,True,20,0,20,128,15.62
487,ok,544,True,20,0,20,136,14.71
488,ok,384,True,15,0,15,96,15.62
489,ok,688,True,18,0,18,172,10.47
490,ok,736,True,16,0,16,184,8.70
491,ok,736,True,18,0,18,184,9.78
492,ok,720,True,16,0,16,180,8.89
493,ok,752,True,18,0,18,188,9.57
494,ok,784,True,20,0,20,196,10.20
495,ok,688,True,18,0,18,172,10.47
496,ok,672,True,15,0,15,168,8.93
497,ok,768,True,17,0,17,192,8.85
498,ok,704,True,17,0,17,176,9.66
499,ok,1392,False,18,0,18,348,5.17
500,ok,2112,False,17,0,17,528,3.22
501,ok,2432,False,17,0,17,608,2.80
502,ok,2352,False,17,0,17,588,2.89
503,ok,928,False,18,0,18,232,7.76
504,ok,2480,False,18,0,18,620,2.90
505,ok,2400,False,18,0,18,600,3.00
506,ok,3040,False,18,0,18,760,2.37
507,ok,1760,False,18,0,18,440,4.09
508,ok,2800,False,19,0,19,700,2.71
509,ok,1088,False,17,0,17,272,6.25
510,ok,2032,False,16,0,16,508,3.15
511,ok,2032,False,17,0,17,508,3.35
512,ok,2192,False,17,0,17,548,3.10
513,ok,848,False,15,0,15,212,7.08
514,ok,704,False,15,0,15,176,8.52
515,ok,1200,False,18,0,18,300,6.00
516,ok,3264,False,18,0,18,816,2.21
517,ok,1248,False,18,0,18,312,5.77
518,ok,848,False,17,0,17,212,8.02
519,ok,1440,False,17,0,17,360,4.72
520,ok,6224,False,18,0,18,1556,1.16
521,ok,992,False,18,0,18,248,7.26
522,ok,2192,False,18,0,18,548,3.28
523,ok,1696,False,17,0,17,424,4.01
524,ok,2704,False,18,0,18,676,2.66
525,ok,2528,False,18,0,18,632,2.85
526,ok,2048,False,18,0,18,512,3.52
527,ok,2960,False,18,0,18,740,2.43
528,ok,3184,False,18,0,18,796,2.26
529,ok,2176,False,18,0,18,544,3.31
530,ok,2752,False,17,0,17,688,2.47
531,ok,2432,False,18,0,18,608,2.96
532,ok,1776,False,18,0,18,444,4.05
533,ok,1920,False,18,0,18,480,3.75
534,ok,2928,False,18,0,18,732,2.46
535,ok,2704,False,18,0,18,676,2.66
536,ok,2560,False,18,0,18,640,2.81
537,ok,2752,False,18,0,18,688,2.62
538,ok,3056,False,18,0,18,764,2.36
539,ok,656,False,16,0,16,164,9.76
540,ok,2144,False,18,0,18,536,3.36
541,ok,736,False,15,0,15,184,8.15
542,ok,1328,False,16,0,16,332,4.82
543,ok,1840,False,15,0,15,460,3.26
544,ok,2080,False,15,0,15,520,2.88
545,ok,1664,False,18,0,18,416,4.33
546,ok,1872,False,18,0,18,468,3.85
547,ok,2848,False,19,0,19,712,2.67
548,ok,4320,False,19,0,19,1080,1.76
549,ok,2640,False,19,0,19,660,2.88
550,ok,2640,False,19,0,19,660,2.88
551,ok,2592,False,19,0,19,648,2.93
552,ok,2224,False,19,0,19,556,3.42
553,ok,4544,False,18,0,18,1136,1.58
554,ok,3408,False,17,0,17,852,2.00
555,ok,2384,False,18,0,18,596,3.02
556,ok,2064,False,18,0,18,516,3.49
557,ok,768,False,18,0,18,192,9.38
558,ok,1712,False,18,0,18,428,4.21
559,ok,4368,False,19,0,19,1092,1.74
560,ok,3040,False,19,0,19,760,2.50
561,ok,2176,False,18,0,18,544,3.31
562,ok,896,False,19,0,19,224,8.48
563,ok,2672,False,19,0,19,668,2.84
564,ok,3424,False,19,0,19,856,2.22
565,ok,816,False,18,0,18,204,8.82
566,ok,2080,False,18,0,18,520,3.46
567,ok,1120,False,18,0,18,280,6.43
568,ok,1232,False,18,0,18,308,5.84
569,ok,1360,False,18,0,18,340,5.29
570,ok,1312,False,18,0,18,328,5.49
571,ok,2224,False,17,0,17,556,3.06
572,ok,1008,False,17,0,17,252,6.75
573,ok,1488,False,17,0,17,372,4.57
574,ok,1632,False,19,0,19,408,4.66
575,ok,1232,False,19,0,19,308,6.17
576,ok,1584,False,19,0,19,396,4.80
577,ok,1776,False,19,0,19,444,4.28
578,ok,1312,False,19,0,19,328,5.79
579,ok,1552,False,19,0,19,388,4.90
580,ok,1424,False,19,0,19,356,5.34
581,ok,3648,False,19,0,19,912,2.08
582,ok,1296,False,19,0,19,324,5.86
583,ok,2528,False,19,0,19,632,3.01
584,ok,992,False,19,0,19,248,7.66
585,ok,1952,False,19,0,19,488,3.89
586,ok,1312,False,19,0,19,328,5.79
587,ok,3056,False,19,0,19,764,2.49
588,ok,1328,False,18,0,18,332,5.42
589,ok,2608,False,18,0,18,652,2.76
590,ok,3072,False,18,0,18,768,2.34
591,ok,2480,False,18,0,18,620,2.90
592,ok,3472,False,19,0,19,868,2.19
593,ok,2304,False,18,0,18,576,3.12
594,ok,2816,False,18,0,18,704,2.56
595,ok,2528,False,18,0,18,632,2.85
596,ok,2256,False,18,0,18,564,3.19
597,ok,3504,False,19,0,19,876,2.17
598,ok,3072,False,19,0,19,768,2.47
599,ok,3088,False,18,0,18,772,2.33
600,ok,4208,False,18,0,18,1052,1.71
601,ok,5712,False,18,0,18,1428,1.26
602,ok,2832,False,19,0,19,708,2.68
603,ok,1744,False,18,0,18,436,4.13
604,ok,2048,False,18,0,18,512,3.52
605,ok,3264,False,18,0,18,816,2.21
606,ok,2080,False,18,0,18,520,3.46
607,ok,2432,False,18,0,18,608,2.96
608,ok,2992,False,18,0,18,748,2.41
609,ok,2816,False,19,0,19,704,2.70
610,ok,3552,False,18,0,18,888,2.03
611,ok,3504,False,18,0,18,876,2.05
612,ok,3568,False,18,0,18,892,2.02
613,ok,2800,False,19,0,19,700,2.71
614,ok,3840,False,19,0,19,960,1.98
615,ok,3264,False,18,0,18,816,2.21
616,ok,3248,False,18,0,18,812,2.22
617,ok,3312,False,18,0,18,828,2.17
618,ok,3232,False,18,0,18,808,2.23
619,ok,3232,False,18,0,18,808,2.23
620,ok,2512,False,17,0,17,628,2.71
621,ok,3776,False,18,0,18,944,1.91
622,ok,2368,False,18,0,18,592,3.04
623,ok,3936,False,18,0,18,984,1.83
624,ok,3904,False,17,0,17,976,1.74
625,ok,3024,False,18,0,18,756,2.38
626,ok,3472,False,19,0,19,868,2.19
627,ok,1712,False,18,0,18,428,4.21
628,ok,1936,False,18,0,18,484,3.72
629,ok,3536,False,18,0,18,884,2.04
630,ok,1216,False,18,0,18,304,5.92
631,ok,1472,False,18,0,18,368,4.89
632,ok,2288,False,17,0,17,572,2.97
633,ok,4736,False,18,0,18,1184,1.52
634,ok,4416,False,18,0,18,1104,1.63
635,ok,2288,False,18,0,18,572,3.15
636,ok,2672,False,18,0,18,668,2.69
637,ok,3792,False,19,0,19,948,2.00
638,ok,5248,False,18,0,18,1312,1.37
639,ok,4368,False,18,0,18,1092,1.65
640,ok,432,False,17,0,17,108,15.74
641,ok,2416,False,18,0,18,604,2.98
642,ok,2336,False,17,0,17,584,2.91
643,ok,1552,False,17,0,17,388,4.38
644,ok,2064,False,17,0,17,516,3.29
645,ok,1808,False,18,0,18,452,3.98
646,ok,784,False,20,0,20,196,10.20
647,ok,2448,False,20,0,20,612,3.27
648,ok,2304,False,19,0,19,576,3.30
649,ok,1952,False,19,0,19,488,3.89
650,ok,1440,False,20,0,20,360,5.56
651,ok,2480,False,20,0,20,620,3.23
652,ok,2192,False,19,0,19,548,3.47
653,ok,2448,False,19,0,19,612,3.10
654,ok,2352,False,19,0,19,588,3.23
655,ok,2048,False,19,0,19,512,3.71
656,ok,928,False,18,0,18,232,7.76
657,ok,864,False,18,0,18,216,8.33
658,ok,1344,False,20,0,20,336,5.95
659,ok,880,False,20,0,20,220,9.09
660,ok,1296,False,20,0,20,324,6.17
661,ok,1296,False,20,0,20,324,6.17
662,ok,2112,False,20,0,20,528,3.79
663,ok,2128,False,20,0,20,532,3.76
664,ok,1536,False,20,0,20,384,5.21
665,ok,2080,False,18,0,18,520,3.46
666,ok,2032,False,20,0,20,508,3.94
667,ok,2880,False,20,0,20,720,2.78
668,ok,3104,False,20,0,20,776,2.58
669,ok,2048,False,20,0,20,512,3.91
670,ok,2592,False,20,0,20,648,3.09
671,ok,2688,False,20,0,20,672,2.98
672,ok,1936,False,20,0,20,484,4.13
673,ok,2832,False,20,0,20,708,2.82
674,ok,2880,False,20,0,20,720,2.78
675,ok,1808,False,20,0,20,452,4.42
676,ok,2448,False,20,0,20,612,3.27
677,ok,2416,False,20,0,20,604,3.31
678,ok,2432,False,20,0,20,608,3.29
679,ok,2544,False,20,0,20,636,3.14
680,ok,3024,False,20,0,20,756,2.65
681,ok,3632,False,20,0,20,908,2.20
682,ok,864,False,20,0,20,216,9.26
683,ok,1568,False,20,0,20,392,5.10
684,ok,784,False,18,0,18,196,9.18
685,ok,1360,False,19,0,19,340,5.59
686,ok,2048,False,17,0,17,512,3.32
687,ok,2240,False,17,0,17,560,3.04
688,ok,2160,False,19,0,19,540,3.52
689,ok,2224,False,20,0,20,556,3.60
690,ok,3120,False,21,0,21,780,2.69
691,ok,3296,False,21,0,21,824,2.55
692,ok,2848,False,21,0,21,712,2.95
693,ok,3008,False,21,0,21,752,2.79
694,ok,2832,False,20,0,20,708,2.82
695,ok,2912,False,21,0,21,728,2.88
696,ok,3680,False,19,0,19,920,2.07
697,ok,4176,False,20,0,20,1044,1.92
698,ok,3088,False,18,0,18,772,2.33
699,ok,1696,False,18,0,18,424,4.25
700,ok,912,False,20,0,20,228,8.77
701,ok,1776,False,20,0,20,444,4.50
702,ok,4064,False,21,0,21,1016,2.07
703,ok,3808,False,21,0,21,952,2.21
704,ok,2064,False,21,0,21,516,4.07
705,ok,768,False,21,0,21,192,10.94
706,ok,3584,False,21,0,21,896,2.34
707,ok,3680,False,22,0,22,920,2.39
708,ok,944,False,21,0,21,236,8.90
709,ok,2176,False,20,0,20,544,3.68
710,ok,1248,False,20,0,20,312,6.41
711,ok,1792,False,20,0,20,448,4.46
712,ok,752,False,20,0,20,188,10.64
713,ok,864,False,20,0,20,216,9.26
714,ok,1296,False,20,0,20,324,6.17
715,ok,1664,False,20,0,20,416,4.81
716,ok,2576,False,20,0,20,644,3.11
717,ok,1008,False,21,0,21,252,8.33
718,ok,912,False,21,0,21,228,9.21
719,ok,2400,False,21,0,21,600,3.50
720,ok,944,False,21,0,21,236,8.90
721,ok,2128,False,21,0,21,532,3.95
722,ok,2384,False,21,0,21,596,3.52
723,ok,2368,False,21,0,21,592,3.55
724,ok,1200,False,21,0,21,300,7.00
725,ok,976,False,21,0,21,244,8.61
726,ok,4560,False,21,0,21,1140,1.84
727,ok,2240,False,21,0,21,560,3.75
728,ok,3296,False,21,0,21,824,2.55
729,ok,880,False,21,0,21,220,9.55
730,ok,3936,False,21,0,21,984,2.13
731,ok,2448,False,21,0,21,612,3.43
732,ok,3008,False,21,0,21,752,2.79
733,ok,1504,False,20,0,20,376,5.32
734,ok,3104,False,20,0,20,776,2.58
735,ok,2416,False,20,0,20,604,3.31
736,ok,1744,False,19,0,19,436,4.36
737,ok,2576,False,21,0,21,644,3.26
738,ok,1824,False,20,0,20,456,4.39
739,ok,2368,False,20,0,20,592,3.38
740,ok,2640,False,20,0,20,660,3.03
741,ok,2400,False,20,0,20,600,3.33
742,ok,2752,False,21,0,21,688,3.05
743,ok,2448,False,21,0,21,612,3.43
744,ok,2656,False,20,0,20,664,3.01
745,ok,2928,False,20,0,20,732,2.73
746,ok,3888,False,20,0,20,972,2.06
747,ok,2464,False,20,0,20,616,3.25
748,ok,1360,False,20,0,20,340,5.88
749,ok,1472,False,20,0,20,368,5.43
750,ok,2912,False,20,0,20,728,2.75
751,ok,2320,False,20,0,20,580,3.45
752,ok,2208,False,20,0,20,552,3.62
753,ok,912,False,18,0,18,228,7.89
754,ok,4896,False,18,0,18,1224,1.47
755,ok,944,False,18,0,18,236,7.63
756,ok,3648,False,21,0,21,912,2.30
757,ok,3504,False,20,0,20,876,2.28
758,ok,3456,False,20,0,20,864,2.31
759,ok,3472,False,20,0,20,868,2.30
760,ok,3504,False,20,0,20,876,2.28
761,ok,3472,False,20,0,20,868,2.30
762,ok,2912,False,20,0,20,728,2.75
763,ok,3152,False,20,0,20,788,2.54
764,ok,4272,False,21,0,21,1068,1.97
765,ok,3632,False,18,0,18,908,1.98
766,ok,3952,False,20,0,20,988,2.02
767,ok,2976,False,19,0,19,744,2.55
768,ok,3136,False,19,0,19,784,2.42
769,ok,3568,False,19,0,19,892,2.13
770,ok,3280,False,18,0,18,820,2.20
771,ok,2352,False,19,0,19,588,3.23
772,ok,2384,False,18,0,18,596,3.02
773,ok,1920,False,19,0,19,480,3.96
774,ok,2368,False,20,0,20,592,3.38
775,ok,2000,False,20,0,20,500,4.00
776,ok,1696,False,18,0,18,424,4.25
777,ok,4320,False,15,0,15,1080,1.39
778,ok,4320,False,15,0,15,1080,1.39
779,ok,3488,False,20,0,20,872,2.29
780,ok,3024,False,20,0,20,756,2.65
781,ok,1168,False,20,0,20,292,6.85
782,ok,976,False,20,0,20,244,8.20
783,ok,960,False,20,0,20,240,8.33
784,ok,2736,False,20,0,20,684,2.92
785,ok,1344,False,21,0,21,336,6.25
786,ok,912,False,21,0,21,228,9.21
787,ok,896,False,21,0,21,224,9.38
788,ok,1168,False,21,0,21,292,7.19
789,ok,2720,False,21,0,21,680,3.09
790,ok,832,False,20,0,20,208,9.62
791,ok,688,False,20,0,20,172,11.63
792,ok,1088,False,20,0,20,272,7.35
793,ok,1232,False,20,0,20,308,6.49
794,ok,896,False,19,0,19,224,8.48
795,ok,592,False,19,0,19,148,12.84
796,ok,992,False,19,0,19,248,7.66
797,ok,1072,False,19,0,19,268,7.09
798,ok,496,False,18,0,18,124,14.52
799,ok,3264,False,20,0,20,816,2.45
800,ok,10752,False,18,0,18,2688,0.67
801,ok,1936,False,19,0,19,484,3.93
802,ok,1680,False,19,0,19,420,4.52
803,ok,1920,False,19,0,19,480,3.96
804,ok,800,False,17,0,17,200,8.50
805,ok,2816,False,18,0,18,704,2.56
806,ok,2304,False,18,0,18,576,3.12
807,ok,2112,False,18,0,18,528,3.41
808,ok,1232,False,19,0,19,308,6.17
809,ok,2896,False,20,0,20,724,2.76
810,ok,1584,False,19,0,19,396,4.80
811,ok,2016,False,19,0,19,504,3.77
812,ok,2032,False,19,0,19,508,3.74
813,ok,1568,False,19,0,19,392,4.85
814,ok,720,False,19,0,19,180,10.56
815,ok,720,False,19,0,19,180,10.56
816,ok,768,False,18,0,18,192,9.38
817,ok,3200,False,18,0,18,800,2.25
818,ok,864,False,18,0,18,216,8.33
819,ok,1120,False,19,0,19,280,6.79
820,ok,1680,False,19,0,19,420,4.52
821,ok,2768,False,19,0,19,692,2.75
822,ok,944,False,19,0,19,236,8.05
823,ok,3488,False,18,0,18,872,2.06
824,ok,1856,False,17,0,17,464,3.66
825,ok,2112,False,19,0,19,528,3.60
826,ok,2448,False,18,0,18,612,2.94
827,ok,1664,False,19,0,19,416,4.57
828,ok,2128,False,19,0,19,532,3.57
829,ok,2384,False,19,0,19,596,3.19
830,ok,1392,False,18,0,18,348,5.17
831,ok,2368,False,18,0,18,592,3.04
832,ok,2272,False,18,0,18,568,3.17
833,ok,1648,False,19,0,19,412,4.61
834,ok,1520,False,19,0,19,380,5.00
835,ok,1744,False,19,0,19,436,4.36
836,ok,1760,False,17,0,17,440,3.86
837,ok,2112,False,18,0,18,528,3.41
838,ok,1936,False,17,0,17,484,3.51
839,ok,2000,False,17,0,17,500,3.40
840,ok,672,False,17,0,17,168,10.12
841,ok,1264,False,16,0,16,316,5.06
842,ok,720,False,19,0,19,180,10.56
843,ok,1424,False,19,0,19,356,5.34
844,ok,1824,False,16,0,16,456,3.51
845,ok,2048,False,16,0,16,512,3.12
846,ok,2032,False,18,0,18,508,3.54
847,ok,2208,False,19,0,19,552,3.44
848,ok,2976,False,19,0,19,744,2.55
849,ok,3392,False,20,0,20,848,2.36
850,ok,2880,False,20,0,20,720,2.78
851,ok,2400,False,20,0,20,600,3.33
852,ok,2592,False,20,0,20,648,3.09
853,ok,2720,False,20,0,20,680,2.94
854,ok,4016,False,19,0,19,1004,1.89
855,ok,4448,False,20,0,20,1112,1.80
856,ok,2144,False,19,0,19,536,3.54
857,ok,1360,False,19,0,19,340,5.59
858,ok,800,False,19,0,19,200,9.50
859,ok,1200,False,19,0,19,300,6.33
860,ok,3360,False,20,0,20,840,2.38
861,ok,3776,False,20,0,20,944,2.12
862,ok,1744,False,20,0,20,436,4.59
863,ok,848,False,20,0,20,212,9.43
864,ok,1968,False,20,0,20,492,4.07
865,ok,2656,False,20,0,20,664,3.01
866,ok,800,False,19,0,19,200,9.50
867,ok,1840,False,19,0,19,460,4.13
868,ok,768,False,18,0,18,192,9.38
869,ok,960,False,19,0,19,240,7.92
870,ok,1472,False,19,0,19,368,5.16
871,ok,848,False,19,0,19,212,8.96
872,ok,912,False,19,0,19,228,8.33
873,ok,2896,False,19,0,19,724,2.62
874,ok,720,False,19,0,19,180,10.56
875,ok,1296,False,19,0,19,324,5.86
876,ok,2704,False,19,0,19,676,2.81
877,ok,1488,False,19,0,19,372,5.11
878,ok,912,False,20,0,20,228,8.77
879,ok,816,False,19,0,19,204,9.31
880,ok,848,False,19,0,19,212,8.96
881,ok,1712,False,20,0,20,428,4.67
882,ok,704,False,20,0,20,176,11.36
883,ok,3456,False,20,0,20,864,2.31
884,ok,2944,False,20,0,20,736,2.72
885,ok,1024,False,20,0,20,256,7.81
886,ok,848,False,20,0,20,212,9.43
887,ok,3024,False,20,0,20,756,2.65
888,ok,1216,False,20,0,20,304,6.58
889,ok,2464,False,20,0,20,616,3.25
890,ok,1008,False,19,0,19,252,7.54
891,ok,2080,False,19,0,19,520,3.65
892,ok,2000,False,19,0,19,500,3.80
893,ok,1808,False,19,0,19,452,4.20
894,ok,3200,False,19,0,19,800,2.38
895,ok,1360,False,19,0,19,340,5.59
896,ok,2048,False,19,0,19,512,3.71
897,ok,2384,False,20,0,20,596,3.36
898,ok,1648,False,19,0,19,412,4.61
899,ok,2288,False,20,0,20,572,3.50
900,ok,1664,False,19,0,19,416,4.57
901,ok,2320,False,19,0,19,580,3.28
902,ok,3456,False,18,0,18,864,2.08
903,ok,3472,False,19,0,19,868,2.19
904,ok,2192,False,19,0,19,548,3.47
905,ok,2000,False,19,0,19,500,3.80
906,ok,2176,False,19,0,19,544,3.49
907,ok,2032,False,18,0,18,508,3.54
908,ok,2496,False,18,0,18,624,2.88
909,ok,3360,False,19,0,19,840,2.26
910,ok,2912,False,19,0,19,728,2.61
911,ok,2912,False,19,0,19,728,2.61
912,ok,2880,False,19,0,19,720,2.64
913,ok,2576,False,19,0,19,644,2.95
914,ok,2400,False,19,0,19,600,3.17
915,ok,3472,False,19,0,19,868,2.19
916,ok,3472,False,19,0,19,868,2.19
917,ok,3488,False,19,0,19,872,2.18
918,ok,3472,False,19,0,19,868,2.19
919,ok,3472,False,19,0,19,868,2.19
920,ok,3248,False,19,0,19,812,2.34
921,ok,4992,False,20,0,20,1248,1.60
922,ok,1872,False,20,0,20,468,4.27
923,ok,2368,False,20,0,20,592,3.38
924,ok,2624,False,19,0,19,656,2.90
925,ok,2784,False,19,0,19,696,2.73
926,ok,2544,False,19,0,19,636,2.99
927,ok,1632,False,19,0,19,408,4.66
928,ok,1344,False,19,0,19,336,5.65
929,ok,2000,False,19,0,19,500,3.80
930,ok,2336,False,19,0,19,584,3.25
931,ok,3200,False,19,0,19,800,2.38
932,ok,3392,False,14,0,14,848,1.65
933,ok,3408,False,14,0,14,852,1.64
934,ok,992,False,19,0,19,248,7.66
935,ok,1200,False,19,0,19,300,6.33
936,ok,4688,False,19,0,19,1172,1.62
937,ok,928,False,19,0,19,232,8.19
938,ok,1216,False,19,0,19,304,6.25
939,ok,3632,False,19,0,19,908,2.09
940,ok,3920,False,19,0,19,980,1.94
941,ok,3904,False,19,0,19,976,1.95
942,ok,784,False,19,0,19,196,9.69
943,ok,2384,False,19,0,19,596,3.19
944,ok,800,False,19,0,19,200,9.50
945,ok,2272,False,20,0,20,568,3.52
946,ok,11568,False,19,0,19,2892,0.66
947,ok,2080,False,19,0,19,520,3.65
948,ok,1936,False,20,0,20,484,4.13
949,ok,1872,False,20,0,20,468,4.27
950,ok,1200,False,20,0,20,300,6.67
951,ok,432,False,15,0,15,108,13.89
952,ok,2304,False,19,0,19,576,3.30
953,ok,1088,False,16,0,16,272,5.88
954,ok,1072,False,16,0,16,268,5.97
955,ok,1344,False,16,0,16,336,4.76
956,ok,1296,False,16,0,16,324,4.94
957,ok,848,False,15,0,15,212,7.08
958,ok,2192,False,16,0,16,548,2.92
959,ok,1760,False,16,0,16,440,3.64
960,ok,1552,False,16,0,16,388,4.12
961,ok,1280,False,17,0,17,320,5.31
962,ok,2512,False,16,0,16,628,2.55
963,ok,1056,False,16,0,16,264,6.06
964,ok,2224,False,16,0,16,556,2.88
965,ok,2768,False,16,0,16,692,2.31
966,ok,2368,False,16,0,16,592,2.70
967,ok,832,False,16,0,16,208,7.69
968,ok,832,False,16,0,16,208,7.69
969,ok,1008,False,16,0,16,252,6.35
970,ok,1056,False,16,0,16,264,6.06
971,ok,848,False,16,0,16,212,7.55
972,ok,1136,False,16,0,16,284,5.63
973,ok,2432,False,17,0,17,608,2.80
974,ok,1408,False,16,0,16,352,4.55
975,ok,752,False,16,0,16,188,8.51
976,ok,6640,False,16,0,16,1660,0.96
977,ok,1792,False,17,0,17,448,3.79
978,ok,2480,False,17,0,17,620,2.74
979,ok,2368,False,17,0,17,592,2.87
980,ok,1872,False,17,0,17,468,3.63
981,ok,2192,False,17,0,17,548,3.10
982,ok,3456,False,17,0,17,864,1.97
983,ok,1680,False,17,0,17,420,4.05
984,ok,2656,False,17,0,17,664,2.56
985,ok,2336,False,17,0,17,584,2.91
986,ok,1664,False,17,0,17,416,4.09
987,ok,2288,False,17,0,17,572,2.97
988,ok,3136,False,17,0,17,784,2.17
989,ok,2192,False,17,0,17,548,3.10
990,ok,2336,False,17,0,17,584,2.91
991,ok,2784,False,17,0,17,696,2.44
992,ok,3536,False,17,0,17,884,1.92
993,ok,1136,False,17,0,17,284,5.99
994,ok,1424,False,17,0,17,356,4.78
995,ok,752,False,16,0,16,188,8.51
996,ok,1248,False,16,0,16,312,5.13
997,ok,2048,False,15,0,15,512,2.93
998,ok,2144,False,15,0,15,536,2.80
999,ok,1840,False,17,0,17,460,3.70
1000,ok,1824,False,17,0,17,456,3.73
1001,ok,2576,False,18,0,18,644,2.80
1002,ok,2880,False,18,0,18,720,2.50
1003,ok,2624,False,18,0,18,656,2.74
1004,ok,2352,False,18,0,18,588,3.06
1005,ok,2512,False,18,0,18,628,2.87
1006,ok,2448,False,18,0,18,612,2.94
1007,ok,3456,False,15,0,15,864,1.74
1008,ok,3280,False,16,0,16,820,1.95
1009,ok,2512,False,16,0,16,628,2.55
1010,ok,1472,False,16,0,16,368,4.35
1011,ok,736,False,16,0,16,184,8.70
1012,ok,1136,False,16,0,16,284,5.63
1013,ok,2624,False,20,0,20,656,3.05
1014,ok,2832,False,20,0,20,708,2.82
1015,ok,4288,False,20,0,20,1072,1.87
1016,ok,992,False,20,0,20,248,8.06
1017,ok,4416,False,26,0,26,1104,2.36
1018,ok,4416,False,25,0,25,1104,2.26
1019,ok,832,False,17,0,17,208,8.17
1020,ok,2496,False,16,0,16,624,2.56
1021,ok,912,False,16,0,16,228,7.02
1022,ok,848,False,16,0,16,212,7.55
1023,ok,1296,False,16,0,16,324,4.94
1024,ok,1072,False,16,0,16,268,5.97
1025,ok,848,False,16,0,16,212,7.55
1026,ok,1184,False,16,0,16,296,5.41
1027,ok,960,False,16,0,16,240,6.67
1028,ok,2480,False,16,0,16,620,2.58
1029,ok,816,False,17,0,17,204,8.33
1030,ok,1120,False,17,0,17,280,6.07
1031,ok,1136,False,17,0,17,284,5.99
1032,ok,784,False,17,0,17,196,8.67
1033,ok,1056,False,17,0,17,264,6.44
1034,ok,1872,False,17,0,17,468,3.63
1035,ok,832,False,17,0,17,208,8.17
1036,ok,1360,False,17,0,17,340,5.00
1037,ok,816,False,17,0,17,204,8.33
1038,ok,2704,False,17,0,17,676,2.51
1039,ok,1024,False,17,0,17,256,6.64
1040,ok,1872,False,17,0,17,468,3.63
1041,ok,784,False,17,0,17,196,8.67
1042,ok,2992,False,17,0,17,748,2.27
1043,ok,912,False,17,0,17,228,7.46
1044,ok,2608,False,17,0,17,652,2.61
1045,ok,1168,False,16,0,16,292,5.48
1046,ok,1664,False,16,0,16,416,3.85
1047,ok,1920,False,16,0,16,480,3.33
1048,ok,1680,False,16,0,16,420,3.81
1049,ok,2384,False,17,0,17,596,2.85
1050,ok,1104,False,16,0,16,276,5.80
1051,ok,1840,False,16,0,16,460,3.48
1052,ok,1968,False,16,0,16,492,3.25
1053,ok,1936,False,16,0,16,484,3.31
1054,ok,2688,False,17,0,17,672,2.53
1055,ok,2352,False,17,0,17,588,2.89
1056,ok,2352,False,16,0,16,588,2.72
1057,ok,2688,False,16,0,16,672,2.38
1058,ok,3312,False,16,0,16,828,1.93
1059,ok,2336,False,17,0,17,584,2.91
1060,ok,1648,False,16,0,16,412,3.88
1061,ok,1872,False,16,0,16,468,3.42
1062,ok,2784,False,16,0,16,696,2.30
1063,ok,2016,False,16,0,16,504,3.17
1064,ok,2416,False,16,0,16,604,2.65
1065,ok,2304,False,17,0,17,576,2.95
1066,ok,2096,False,16,0,16,524,3.05
1067,ok,1920,False,16,0,16,480,3.33
1068,ok,1904,False,16,0,16,476,3.36
1069,ok,1984,False,16,0,16,496,3.23
1070,ok,2080,False,17,0,17,520,3.27
1071,ok,3888,False,16,0,16,972,1.65
1072,ok,5232,False,17,0,17,1308,1.30
1073,ok,3024,False,18,0,18,756,2.38
1074,ok,3184,False,18,0,18,796,2.26
1075,ok,3104,False,18,0,18,776,2.32
1076,ok,3120,False,18,0,18,780,2.31
1077,ok,3152,False,18,0,18,788,2.28
1078,ok,3920,False,16,0,16,980,1.63
1079,ok,3632,False,16,0,16,908,1.76
1080,ok,2272,False,17,0,17,568,2.99
1081,ok,2368,False,17,0,17,592,2.87
1082,ok,2752,False,16,0,16,688,2.33
1083,ok,2320,False,16,0,16,580,2.76
1084,ok,1664,False,16,0,16,416,3.85
1085,ok,2736,False,17,0,17,684,2.49
1086,ok,1376,False,15,0,15,344,4.36
1087,ok,1680,False,17,0,17,420,4.05
1088,ok,1920,False,17,0,17,480,3.54
1089,ok,1360,False,16,0,16,340,4.71
1090,ok,5376,False,13,0,13,1344,0.97
1091,ok,5920,False,13,0,13,1480,0.88
1092,ok,1216,False,16,0,16,304,5.26
1093,ok,768,False,16,0,16,192,8.33
1094,ok,1440,False,16,0,16,360,4.44
1095,ok,1072,False,16,0,16,268,5.97
1096,ok,1632,False,16,0,16,408,3.92
1097,ok,2144,False,17,0,17,536,3.17
1098,ok,2128,False,17,0,17,532,3.20
1099,ok,2672,False,16,0,16,668,2.40
1100,ok,2992,False,16,0,16,748,2.14
1101,ok,384,False,14,0,14,96,14.58
1102,ok,2080,False,16,0,16,520,3.08
1103,ok,1344,False,18,0,18,336,5.36
1104,ok,2288,False,18,0,18,572,3.15
1105,ok,2768,False,18,0,18,692,2.60
1106,ok,3024,False,19,0,19,756,2.51
1107,ok,4384,False,17,0,17,1096,1.55
1108,ok,6720,False,19,0,19,1680,1.13
1109,ok,1440,False,18,0,18,360,5.00
1110,ok,2784,False,18,0,18,696,2.59
1111,ok,2752,False,18,0,18,688,2.62
1112,ok,2752,False,18,0,18,688,2.62
1113,ok,2656,False,18,0,18,664,2.71
1114,ok,2608,False,18,0,18,652,2.76
1115,ok,1312,False,20,0,20,328,6.10
1116,ok,1520,False,20,0,20,380,5.26
1117,ok,1872,False,20,0,20,468,4.27
1118,ok,1776,False,20,0,20,444,4.50
1119,ok,800,False,20,0,20,200,10.00
1120,ok,2688,False,20,0,20,672,2.98
1121,ok,2016,False,20,0,20,504,3.97
1122,ok,2144,False,20,0,20,536,3.73
1123,ok,1328,False,20,0,20,332,6.02
1124,ok,2144,False,21,0,21,536,3.92
1125,ok,1264,False,20,0,20,316,6.33
1126,ok,1344,False,20,0,20,336,5.95
1127,ok,2320,False,21,0,21,580,3.62
1128,ok,2016,False,20,0,20,504,3.97
1129,ok,768,False,20,0,20,192,10.42
1130,ok,720,False,20,0,20,180,11.11
1131,ok,784,False,20,0,20,196,10.20
1132,ok,1248,False,20,0,20,312,6.41
1133,ok,768,False,20,0,20,192,10.42
1134,ok,1344,False,20,0,20,336,5.95
1135,ok,1856,False,20,0,20,464,4.31
1136,ok,2704,False,20,0,20,676,2.96
1137,ok,1184,False,20,0,20,296,6.76
1138,ok,1488,False,20,0,20,372,5.38
1139,ok,1600,False,20,0,20,400,5.00
1140,ok,2416,False,20,0,20,604,3.31
1141,ok,2784,False,20,0,20,696,2.87
1142,ok,1952,False,20,0,20,488,4.10
1143,ok,2368,False,20,0,20,592,3.38
1144,ok,3328,False,20,0,20,832,2.40
1145,ok,1744,False,20,0,20,436,4.59
1146,ok,2256,False,20,0,20,564,3.55
1147,ok,2608,False,20,0,20,652,3.07
1148,ok,1536,False,20,0,20,384,5.21
1149,ok,2064,False,20,0,20,516,3.88
1150,ok,2736,False,20,0,20,684,2.92
1151,ok,2256,False,20,0,20,564,3.55
1152,ok,2288,False,20,0,20,572,3.50
1153,ok,2816,False,20,0,20,704,2.84
1154,ok,3072,False,20,0,20,768,2.60
1155,ok,752,False,20,0,20,188,10.64
1156,ok,1488,False,20,0,20,372,5.38
1157,ok,768,False,20,0,20,192,10.42
1158,ok,1200,False,20,0,20,300,6.67
1159,ok,1920,False,20,0,20,480,4.17
1160,ok,2144,False,20,0,20,536,3.73
1161,ok,1856,False,20,0,20,464,4.31
1162,ok,2032,False,20,0,20,508,3.94
1163,ok,3264,False,21,0,21,816,2.57
1164,ok,3200,False,21,0,21,800,2.62
1165,ok,2464,False,21,0,21,616,3.41
1166,ok,2656,False,21,0,21,664,3.16
1167,ok,2752,False,21,0,21,688,3.05
1168,ok,2256,False,21,0,21,564,3.72
1169,ok,3248,False,20,0,20,812,2.46
1170,ok,3520,False,20,0,20,880,2.27
1171,ok,1856,False,20,0,20,464,4.31
1172,ok,1456,False,20,0,20,364,5.49
1173,ok,880,False,21,0,21,220,9.55
1174,ok,1696,False,21,0,21,424,4.95
1175,ok,3440,False,21,0,21,860,2.44
1176,ok,3968,False,21,0,21,992,2.12
1177,ok,6304,False,23,0,23,1576,1.46
1178,ok,976,False,23,0,23,244,9.43
1179,ok,3824,False,21,0,21,956,2.20
1180,ok,3936,False,21,0,21,984,2.13
1181,ok,912,False,21,0,21,228,9.21
1182,ok,2048,False,20,0,20,512,3.91
1183,ok,1360,False,20,0,20,340,5.88
1184,ok,832,False,20,0,20,208,9.62
1185,ok,768,False,20,0,20,192,10.42
1186,ok,928,False,20,0,20,232,8.62
1187,ok,944,False,20,0,20,236,8.47
1188,ok,4288,False,20,0,20,1072,1.87
1189,ok,896,False,21,0,21,224,9.38
1190,ok,1040,False,21,0,21,260,8.08
1191,ok,1456,False,21,0,21,364,5.77
1192,ok,1296,False,21,0,21,324,6.48
1193,ok,2512,False,21,0,21,628,3.34
1194,ok,2304,False,21,0,21,576,3.65
1195,ok,992,False,21,0,21,248,8.47
1196,ok,1728,False,21,0,21,432,4.86
1197,ok,1296,False,21,0,21,324,6.48
1198,ok,3216,False,21,0,21,804,2.61
1199,ok,1008,False,21,0,21,252,8.33
1200,ok,3088,False,21,0,21,772,2.72
1201,ok,1248,False,21,0,21,312,6.73
1202,ok,2768,False,21,0,21,692,3.03
1203,ok,992,False,21,0,21,248,8.47
1204,ok,3504,False,21,0,21,876,2.40
1205,ok,1456,False,20,0,20,364,5.49
1206,ok,2112,False,20,0,20,528,3.79
1207,ok,2496,False,20,0,20,624,3.21
1208,ok,2096,False,20,0,20,524,3.82
1209,ok,3472,False,21,0,21,868,2.42
1210,ok,1408,False,20,0,20,352,5.68
1211,ok,2560,False,20,0,20,640,3.12
1212,ok,2240,False,20,0,20,560,3.57
1213,ok,2288,False,20,0,20,572,3.50
1214,ok,3088,False,21,0,21,772,2.72
1215,ok,2384,False,21,0,21,596,3.52
1216,ok,1872,False,20,0,20,468,4.27
1217,ok,2960,False,20,0,20,740,2.70
1218,ok,3680,False,20,0,20,920,2.17
1219,ok,3568,False,21,0,21,892,2.35
1220,ok,1872,False,20,0,20,468,4.27
1221,ok,2224,False,20,0,20,556,3.60
1222,ok,2032,False,20,0,20,508,3.94
1223,ok,2512,False,20,0,20,628,3.18
1224,ok,2224,False,20,0,20,556,3.60
1225,ok,2704,False,20,0,20,676,2.96
1226,ok,816,False,20,0,20,204,9.80
1227,ok,5648,False,20,0,20,1412,1.42
1228,ok,1024,False,20,0,20,256,7.81
1229,ok,3376,False,21,0,21,844,2.49
1230,ok,2816,False,20,0,20,704,2.84
1231,ok,2224,False,20,0,20,556,3.60
1232,ok,2224,False,20,0,20,556,3.60
1233,ok,3776,False,21,0,21,944,2.22
1234,ok,3728,False,20,0,20,932,2.15
1235,ok,3696,False,20,0,20,924,2.16
1236,ok,1952,False,21,0,21,488,4.30
1237,ok,2768,False,21,0,21,692,3.03
1238,ok,3072,False,21,0,21,768,2.73
1239,ok,2656,False,21,0,21,664,3.16
1240,ok,3472,False,21,0,21,868,2.42
1241,ok,1440,False,20,0,20,360,5.56
1242,ok,3936,False,21,0,21,984,2.13
1243,ok,1328,False,20,0,20,332,6.02
1244,ok,1344,False,20,0,20,336,5.95
1245,ok,1936,False,20,0,20,484,4.13
1246,ok,7328,False,23,0,23,1832,1.26
1247,ok,6528,False,22,0,22,1632,1.35
1248,ok,2784,False,21,0,21,696,3.02
1249,ok,2096,False,21,0,21,524,4.01
1250,ok,3984,False,20,0,20,996,2.01
1251,ok,3408,False,21,0,21,852,2.46
1252,ok,1728,False,21,0,21,432,4.86
1253,ok,2848,False,21,0,21,712,2.95
1254,ok,1728,False,21,0,21,432,4.86
1255,ok,2400,False,20,0,20,600,3.33
1256,ok,2352,False,20,0,20,588,3.40
1257,ok,576,False,18,0,18,144,12.50
1258,ok,2032,False,20,0,20,508,3.94
1259,ok,1072,False,16,0,16,268,5.97
1260,ok,1632,False,16,0,16,408,3.92
1261,ok,1792,False,16,0,16,448,3.57
1262,ok,2112,False,16,0,16,528,3.03
1263,ok,880,False,16,0,16,220,7.27
1264,ok,1840,False,16,0,16,460,3.48
1265,ok,1360,False,16,0,16,340,4.71
1266,ok,1920,False,16,0,16,480,3.33
1267,ok,1328,False,16,0,16,332,4.82
1268,ok,2016,False,17,0,17,504,3.37
1269,ok,1712,False,16,0,16,428,3.74
1270,ok,1936,False,16,0,16,484,3.31
1271,ok,1632,False,16,0,16,408,3.92
1272,ok,1648,False,16,0,16,412,3.88
1273,ok,1728,False,16,0,16,432,3.70
1274,ok,1680,False,16,0,16,420,3.81
1275,ok,1728,False,16,0,16,432,3.70
1276,ok,704,False,16,0,16,176,9.09
1277,ok,800,False,16,0,16,200,8.00
1278,ok,880,False,17,0,17,220,7.73
1279,ok,1088,False,17,0,17,272,6.25
1280,ok,928,False,17,0,17,232,7.33
1281,ok,1072,False,16,0,16,268,5.97
1282,ok,1936,False,17,0,17,484,3.51
1283,ok,1520,False,16,0,16,380,4.21
1284,ok,1168,False,16,0,16,292,5.48
1285,ok,1952,False,16,0,16,488,3.28
1286,ok,1792,False,16,0,16,448,3.57
1287,ok,2320,False,16,0,16,580,2.76
1288,ok,2896,False,16,0,16,724,2.21
1289,ok,1696,False,16,0,16,424,3.77
1290,ok,2496,False,16,0,16,624,2.56
1291,ok,2656,False,16,0,16,664,2.41
1292,ok,1424,False,16,0,16,356,4.49
1293,ok,2560,False,16,0,16,640,2.50
1294,ok,2192,False,16,0,16,548,2.92
1295,ok,1360,False,16,0,16,340,4.71
1296,ok,1968,False,16,0,16,492,3.25
1297,ok,2304,False,16,0,16,576,2.78
1298,ok,2096,False,16,0,16,524,3.05
1299,ok,1744,False,16,0,16,436,3.67
1300,ok,2128,False,16,0,16,532,3.01
1301,ok,3824,False,16,0,16,956,1.67
1302,ok,688,False,16,0,16,172,9.30
1303,ok,704,False,16,0,16,176,9.09
1304,ok,640,False,16,0,16,160,10.00
1305,ok,864,False,16,0,16,216,7.41
1306,ok,2160,False,16,0,16,540,2.96
1307,ok,2288,False,16,0,16,572,2.80
1308,ok,1664,False,16,0,16,416,3.85
1309,ok,2480,False,16,0,16,620,2.58
1310,ok,2336,False,17,0,17,584,2.91
1311,ok,2368,False,17,0,17,592,2.87
1312,ok,2224,False,17,0,17,556,3.06
1313,ok,2192,False,17,0,17,548,3.10
1314,ok,2432,False,17,0,17,608,2.80
1315,ok,2176,False,17,0,17,544,3.12
1316,ok,3488,False,16,0,16,872,1.83
1317,ok,3152,False,16,0,16,788,2.03
1318,ok,2240,False,16,0,16,560,2.86
1319,ok,1168,False,16,0,16,292,5.48
1320,ok,912,False,18,0,18,228,7.89
1321,ok,1744,False,18,0,18,436,4.13
1322,ok,2832,False,17,0,17,708,2.40
1323,ok,2912,False,17,0,17,728,2.34
1324,ok,1920,False,17,0,17,480,3.54
1325,ok,800,False,17,0,17,200,8.50
1326,ok,2064,False,18,0,18,516,3.49
1327,ok,800,False,18,0,18,200,9.00
1328,ok,2528,False,18,0,18,632,2.85
1329,ok,5168,False,18,0,18,1292,1.39
1330,ok,848,False,17,0,17,212,8.02
1331,ok,1952,False,16,0,16,488,3.28
1332,ok,1520,False,16,0,16,380,4.21
1333,ok,2048,False,16,0,16,512,3.12
1334,ok,800,False,17,0,17,200,8.50
1335,ok,768,False,16,0,16,192,8.33
1336,ok,656,False,16,0,16,164,9.76
1337,ok,688,False,16,0,16,172,9.30
1338,ok,3008,False,16,0,16,752,2.13
1339,ok,768,False,17,0,17,192,8.85
1340,ok,992,False,17,0,17,248,6.85
1341,ok,1440,False,17,0,17,360,4.72
1342,ok,896,False,17,0,17,224,7.59
1343,ok,1776,False,17,0,17,444,3.83
1344,ok,3328,False,17,0,17,832,2.04
1345,ok,784,False,17,0,17,196,8.67
1346,ok,2352,False,17,0,17,588,2.89
1347,ok,912,False,17,0,17,228,7.46
1348,ok,3648,False,17,0,17,912,1.86
1349,ok,784,False,17,0,17,196,8.67
1350,ok,6016,False,17,0,17,1504,1.13
1351,ok,1008,False,18,0,18,252,7.14
1352,ok,2560,False,18,0,18,640,2.81
1353,ok,784,False,17,0,17,196,8.67
1354,ok,4544,False,17,0,17,1136,1.50
1355,ok,1264,False,16,0,16,316,5.06
1356,ok,3120,False,16,0,16,780,2.05
1357,ok,2384,False,16,0,16,596,2.68
1358,ok,2352,False,16,0,16,588,2.72
1359,ok,2672,False,17,0,17,668,2.54
1360,ok,2080,False,16,0,16,520,3.08
1361,ok,1904,False,16,0,16,476,3.36
1362,ok,2320,False,16,0,16,580,2.76
1363,ok,2176,False,16,0,16,544,2.94
1364,ok,3072,False,17,0,17,768,2.21
1365,ok,2896,False,17,0,17,724,2.35
1366,ok,2096,False,16,0,16,524,3.05
1367,ok,2832,False,16,0,16,708,2.26
1368,ok,3984,False,17,0,17,996,1.71
1369,ok,2720,False,17,0,17,680,2.50
1370,ok,1280,False,16,0,16,320,5.00
1371,ok,1536,False,16,0,16,384,4.17
1372,ok,2768,False,16,0,16,692,2.31
1373,ok,1984,False,16,0,16,496,3.23
1374,ok,1920,False,16,0,16,480,3.33
1375,ok,1184,False,16,0,16,296,5.41
1376,ok,1984,False,16,0,16,496,3.23
1377,ok,1296,False,16,0,16,324,4.94
1378,ok,2720,False,17,0,17,680,2.50
1379,ok,2480,False,16,0,16,620,2.58
1380,ok,2368,False,16,0,16,592,2.70
1381,ok,2400,False,16,0,16,600,2.67
1382,ok,2240,False,16,0,16,560,2.86
1383,ok,2224,False,17,0,17,556,3.06
1384,ok,2592,False,17,0,17,648,2.62
1385,ok,3072,False,16,0,16,768,2.08
1386,ok,3056,False,17,0,17,764,2.23
1387,ok,2288,False,16,0,16,572,2.80
1388,ok,2704,False,16,0,16,676,2.37
1389,ok,2304,False,16,0,16,576,2.78
1390,ok,1920,False,16,0,16,480,3.33
1391,ok,2272,False,16,0,16,568,2.82
1392,ok,2016,False,16,0,16,504,3.17
1393,ok,1856,False,16,0,16,464,3.45
1394,ok,1424,False,16,0,16,356,4.49
1395,ok,1632,False,16,0,16,408,3.92
1396,ok,2288,False,16,0,16,572,2.80
1397,ok,2896,False,16,0,16,724,2.21
1398,ok,2688,False,16,0,16,672,2.38
1399,ok,1040,False,16,0,16,260,6.15
1400,ok,1136,False,16,0,16,284,5.63
1401,ok,3952,False,16,0,16,988,1.62
1402,ok,1152,False,16,0,16,288,5.56
1403,ok,1152,False,16,0,16,288,5.56
1404,ok,3696,False,16,0,16,924,1.73
1405,ok,1520,False,16,0,16,380,4.21
1406,ok,848,False,16,0,16,212,7.55
1407,ok,2224,False,16,0,16,556,2.88
1408,ok,1440,False,16,0,16,360,4.44
1409,ok,2128,False,16,0,16,532,3.01
1410,ok,3344,False,16,0,16,836,1.91
1411,ok,2752,False,16,0,16,688,2.33
1412,ok,2928,False,17,0,17,732,2.32
1413,ok,2992,False,17,0,17,748,2.27
1414,ok,3856,False,16,0,16,964,1.66
1415,ok,4320,False,16,0,16,1080,1.48
1416,ok,3104,False,16,0,16,776,2.06
1417,ok,3328,False,16,0,16,832,1.92
1418,ok,3984,False,17,0,17,996,1.71
1419,ok,1872,False,17,0,17,468,3.63
1420,ok,1808,False,17,0,17,452,3.76
1421,ok,896,False,17,0,17,224,7.59
1422,ok,576,False,17,0,17,144,11.81
1423,ok,1632,False,17,0,17,408,4.17
1424,ok,1824,False,17,0,17,456,3.73
1425,ok,1488,False,19,0,19,372,5.11
1426,ok,1856,False,19,0,19,464,4.09
1427,ok,2304,False,20,0,20,576,3.47
1428,ok,1248,False,18,0,18,312,5.77
1429,ok,1328,False,16,0,16,332,4.82
1430,ok,2656,False,16,0,16,664,2.41
1431,ok,848,False,19,0,19,212,8.96
1432,ok,1616,False,19,0,19,404,4.70
1433,ok,2656,False,17,0,17,664,2.56
1434,ok,2144,False,17,0,17,536,3.17
1435,ok,2736,False,17,0,17,684,2.49
1436,ok,1984,False,17,0,17,496,3.43
1437,ok,7808,False,18,0,18,1952,0.92
1438,ok,6064,False,17,0,17,1516,1.12
1439,ok,3216,False,20,0,20,804,2.49
1440,ok,3088,False,20,0,20,772,2.59
1441,ok,3408,False,20,0,20,852,2.35
1442,ok,3568,False,20,0,20,892,2.24
1443,ok,480,False,15,0,15,120,12.50
1444,ok,2976,False,16,0,16,744,2.15
1445,ok,5696,False,16,0,16,1424,1.12
1446,ok,2432,False,16,0,16,608,2.63
1447,ok,2512,False,16,0,16,628,2.55
1448,ok,2784,False,16,0,16,696,2.30
1449,ok,2864,False,16,0,16,716,2.23
1450,ok,3824,False,16,0,16,956,1.67
1451,ok,3600,False,16,0,16,900,1.78
1452,ok,3056,False,16,0,16,764,2.09
1453,ok,3408,False,17,0,17,852,2.00
1454,ok,2976,False,16,0,16,744,2.15
1455,ok,4096,False,17,0,17,1024,1.66
1456,ok,3712,False,17,0,17,928,1.83
1457,ok,3872,False,16,0,16,968,1.65
1458,ok,2576,False,16,0,16,644,2.48
1459,ok,2464,False,16,0,16,616,2.60
1460,ok,3008,False,16,0,16,752,2.13
1461,ok,3856,False,17,0,17,964,1.76
1462,ok,2768,False,17,0,17,692,2.46
1463,ok,2800,False,16,0,16,700,2.29
1464,ok,3584,False,17,0,17,896,1.90
1465,ok,3296,False,17,0,17,824,2.06
1466,ok,800,False,16,0,16,200,8.00
1467,ok,656,False,16,0,16,164,9.76
1468,ok,672,False,16,0,16,168,9.52
1469,ok,1072,False,18,0,18,268,6.72
1470,ok,2192,False,18,0,18,548,3.28
1471,ok,1936,False,16,0,16,484,3.31
1472,ok,1904,False,16,0,16,476,3.36
1473,ok,1840,False,16,0,16,460,3.48
1474,ok,1824,False,16,0,16,456,3.51
1475,ok,1600,False,16,0,16,400,4.00
1476,ok,1984,False,16,0,16,496,3.23
1477,ok,1664,False,16,0,16,416,3.85
1478,ok,1152,False,16,0,16,288,5.56
1479,ok,3136,False,16,0,16,784,2.04
1480,ok,2448,False,17,0,17,612,2.78
1481,ok,2352,False,16,0,16,588,2.72
1482,ok,2144,False,16,0,16,536,2.99
1483,ok,1920,False,16,0,16,480,3.33
1484,ok,2736,False,17,0,17,684,2.49
1485,ok,1568,False,16,0,16,392,4.08
1486,ok,944,False,17,0,17,236,7.20
1487,ok,1104,False,17,0,17,276,6.16
1488,ok,4528,False,17,0,17,1132,1.50
1489,ok,2960,False,17,0,17,740,2.30
1490,ok,3232,False,16,0,16,808,1.98
1491,ok,1520,False,16,0,16,380,4.21
1492,ok,8240,False,16,0,16,2060,0.78
1493,ok,1552,False,16,0,16,388,4.12
1494,ok,1584,False,16,0,16,396,4.04
1495,ok,1952,False,16,0,16,488,3.28
1496,ok,1904,False,16,0,16,476,3.36
1497,ok,2304,False,16,0,16,576,2.78
1498,ok,864,False,17,0,17,216,7.87
1499,ok,2976,False,17,0,17,744,2.28
1500,ok,5520,False,17,0,17,1380,1.23
1501,ok,8016,False,16,0,16,2004,0.80
1502,ok,4384,False,17,0,17,1096,1.55
1503,ok,3296,False,16,0,16,824,1.94
1504,ok,7440,False,16,0,16,1860,0.86
1505,ok,6464,False,17,0,17,1616,1.05
1506,ok,6640,False,17,0,17,1660,1.02
1507,ok,2032,False,16,0,16,508,3.15
1508,ok,4672,False,17,0,17,1168,1.46
1509,ok,3872,False,17,0,17,968,1.76
1510,ok,3824,False,16,0,16,956,1.67
1511,ok,368,False,13,0,13,92,14.13
1512,ok,10784,False,19,0,19,2696,0.70
1513,ok,1648,False,19,0,19,412,4.61
1514,ok,1920,False,19,0,19,480,3.96
1515,ok,2272,False,19,0,19,568,3.35
1516,ok,784,False,19,0,19,196,9.69
1517,ok,4144,False,19,0,19,1036,1.83
1518,ok,2240,False,18,0,18,560,3.21
1519,ok,2864,False,19,0,19,716,2.65
1520,ok,1792,False,19,0,19,448,4.24
1521,ok,2736,False,19,0,19,684,2.78
1522,ok,2256,False,19,0,19,564,3.37
1523,ok,3520,False,20,0,20,880,2.27
1524,ok,3344,False,19,0,19,836,2.27
1525,ok,2928,False,20,0,20,732,2.73
1526,ok,752,False,18,0,18,188,9.57
1527,ok,784,False,18,0,18,196,9.18
1528,ok,1168,False,19,0,19,292,6.51
1529,ok,1952,False,19,0,19,488,3.89
1530,ok,1232,False,19,0,19,308,6.17
1531,ok,1184,False,18,0,18,296,6.08
1532,ok,3040,False,19,0,19,760,2.50
1533,ok,4080,False,19,0,19,1020,1.86
1534,ok,1184,False,19,0,19,296,6.42
1535,ok,2096,False,18,0,18,524,3.44
1536,ok,2304,False,19,0,19,576,3.30
1537,ok,2896,False,19,0,19,724,2.62
1538,ok,4704,False,19,0,19,1176,1.62
1539,ok,2032,False,19,0,19,508,3.74
1540,ok,2336,False,19,0,19,584,3.25
1541,ok,3760,False,19,0,19,940,2.02
1542,ok,1808,False,19,0,19,452,4.20
1543,ok,3184,False,19,0,19,796,2.39
1544,ok,2656,False,19,0,19,664,2.86
1545,ok,1744,False,19,0,19,436,4.36
1546,ok,2512,False,19,0,19,628,3.03
1547,ok,3600,False,19,0,19,900,2.11
1548,ok,3088,False,19,0,19,772,2.46
1549,ok,2352,False,19,0,19,588,3.23
1550,ok,2912,False,19,0,19,728,2.61
1551,ok,3408,False,19,0,19,852,2.23
1552,ok,1136,False,19,0,19,284,6.69
1553,ok,1504,False,19,0,19,376,5.05
1554,ok,880,False,18,0,18,220,8.18
1555,ok,1232,False,17,0,17,308,5.52
1556,ok,2288,False,18,0,18,572,3.15
1557,ok,2800,False,18,0,18,700,2.57
1558,ok,2624,False,19,0,19,656,2.90
1559,ok,2640,False,19,0,19,660,2.88
1560,ok,4384,False,20,0,20,1096,1.82
1561,ok,4224,False,20,0,20,1056,1.89
1562,ok,3840,False,20,0,20,960,2.08
1563,ok,2736,False,20,0,20,684,2.92
1564,ok,3552,False,20,0,20,888,2.25
1565,ok,2800,False,20,0,20,700,2.86
1566,ok,3584,False,19,0,19,896,2.12
1567,ok,3632,False,19,0,19,908,2.09
1568,ok,3440,False,19,0,19,860,2.21
1569,ok,1360,False,17,0,17,340,5.00
1570,ok,832,False,19,0,19,208,9.13
1571,ok,1520,False,20,0,20,380,5.26
1572,ok,5536,False,20,0,20,1384,1.45
1573,ok,4240,False,20,0,20,1060,1.89
1574,ok,2096,False,20,0,20,524,3.82
1575,ok,768,False,19,0,19,192,9.90
1576,ok,4048,False,20,0,20,1012,1.98
1577,ok,4880,False,20,0,20,1220,1.64
1578,ok,848,False,20,0,20,212,9.43
1579,ok,2720,False,18,0,18,680,2.65
1580,ok,928,False,18,0,18,232,7.76
1581,ok,1776,False,18,0,18,444,4.05
1582,ok,1168,False,18,0,18,292,6.16
1583,ok,1120,False,18,0,18,280,6.43
1584,ok,4144,False,19,0,19,1036,1.83
1585,ok,848,False,19,0,19,212,8.96
1586,ok,1168,False,19,0,19,292,6.51
1587,ok,2016,False,19,0,19,504,3.77
1588,ok,1488,False,19,0,19,372,5.11
1589,ok,1280,False,19,0,19,320,5.94
1590,ok,2448,False,19,0,19,612,3.10
1591,ok,960,False,19,0,19,240,7.92
1592,ok,1584,False,19,0,19,396,4.80
1593,ok,1360,False,20,0,20,340,5.88
1594,ok,3456,False,20,0,20,864,2.31
1595,ok,1280,False,19,0,19,320,5.94
1596,ok,2000,False,19,0,19,500,3.80
1597,ok,1008,False,20,0,20,252,7.94
1598,ok,2768,False,20,0,20,692,2.89
1599,ok,1520,False,19,0,19,380,5.00
1600,ok,3584,False,19,0,19,896,2.12
1601,ok,1264,False,18,0,18,316,5.70
1602,ok,1856,False,19,0,19,464,4.09
1603,ok,2000,False,18,0,18,500,3.60
1604,ok,1808,False,18,0,18,452,3.98
1605,ok,3680,False,20,0,20,920,2.17
1606,ok,1344,False,19,0,19,336,5.65
1607,ok,2064,False,19,0,19,516,3.68
1608,ok,2336,False,18,0,18,584,3.08
1609,ok,2336,False,18,0,18,584,3.08
1610,ok,2432,False,20,0,20,608,3.29
1611,ok,2592,False,20,0,20,648,3.09
1612,ok,2864,False,19,0,19,716,2.65
1613,ok,4288,False,19,0,19,1072,1.77
1614,ok,5360,False,19,0,19,1340,1.42
1615,ok,3296,False,20,0,20,824,2.43
1616,ok,1664,False,18,0,18,416,4.33
1617,ok,2208,False,18,0,18,552,3.26
1618,ok,2576,False,19,0,19,644,2.95
1619,ok,2656,False,19,0,19,664,2.86
1620,ok,2096,False,19,0,19,524,3.63
1621,ok,3904,False,20,0,20,976,2.05
1622,ok,1264,False,20,0,20,316,6.33
1623,ok,4400,False,20,0,20,1100,1.82
1624,ok,1808,False,20,0,20,452,4.42
1625,ok,3040,False,20,0,20,760,2.63
1626,ok,3840,False,19,0,19,960,1.98
1627,ok,3824,False,19,0,19,956,1.99
1628,ok,3856,False,19,0,19,964,1.97
1629,ok,3824,False,19,0,19,956,1.99
1630,ok,3856,False,19,0,19,964,1.97
1631,ok,4448,False,19,0,19,1112,1.71
1632,ok,3296,False,19,0,19,824,2.31
1633,ok,6320,False,20,0,20,1580,1.27
1634,ok,6288,False,20,0,20,1572,1.27
1635,ok,6304,False,20,0,20,1576,1.27
1636,ok,4592,False,20,0,20,1148,1.74
1637,ok,4192,False,19,0,19,1048,1.81
1638,ok,2544,False,19,0,19,636,2.99
1639,ok,4576,False,18,0,18,1144,1.57
1640,ok,3168,False,18,0,18,792,2.27
1641,ok,2688,False,18,0,18,672,2.68
1642,ok,3760,False,18,0,18,940,1.91
1643,ok,2448,False,18,0,18,612,2.94
1644,ok,1424,False,17,0,17,356,4.78
1645,ok,1488,False,19,0,19,372,5.11
1646,ok,1360,False,19,0,19,340,5.59
1647,ok,1680,False,19,0,19,420,4.52
1648,ok,7568,False,19,0,19,1892,1.00
1649,ok,6992,False,20,0,20,1748,1.14
1650,ok,2816,False,19,0,19,704,2.70
1651,ok,2448,False,20,0,20,612,3.27
1652,ok,8896,False,19,0,19,2224,0.85
1653,ok,5696,False,18,0,18,1424,1.26
1654,ok,6464,False,20,0,20,1616,1.24
1655,ok,1712,False,19,0,19,428,4.44
1656,ok,3216,False,16,0,16,804,1.99
1657,ok,4224,False,19,0,19,1056,1.80
1658,ok,6144,False,18,0,18,1536,1.17
1659,ok,736,False,17,0,17,184,9.24
1660,ok,3696,False,18,0,18,924,1.95
1661,ok,6352,False,18,0,18,1588,1.13
1662,ok,512,False,18,0,18,128,14.06
1663,ok,2400,False,19,0,19,600,3.17
1664,ok,3632,False,20,0,20,908,2.20
1665,ok,2416,False,19,0,19,604,3.15
1666,ok,2896,False,19,0,19,724,2.62
1667,ok,2976,False,19,0,19,744,2.55
1668,ok,944,False,20,0,20,236,8.47
1669,ok,2464,False,20,0,20,616,3.25
1670,ok,2464,False,19,0,19,616,3.08
1671,ok,3216,False,20,0,20,804,2.49
1672,ok,2160,False,20,0,20,540,3.70
1673,ok,2976,False,20,0,20,744,2.69
1674,ok,1472,False,20,0,20,368,5.43
1675,ok,2256,False,21,0,21,564,3.72
1676,ok,2848,False,21,0,21,712,2.95
1677,ok,2976,False,21,0,21,744,2.82
1678,ok,912,False,20,0,20,228,8.77
1679,ok,912,False,20,0,20,228,8.77
1680,ok,992,False,19,0,19,248,7.66
1681,ok,4224,False,19,0,19,1056,1.80
1682,ok,976,False,19,0,19,244,7.79
1683,ok,1184,False,19,0,19,296,6.42
1684,ok,1856,False,20,0,20,464,4.31
1685,ok,8448,False,20,0,20,2112,0.95
1686,ok,1264,False,20,0,20,316,6.33
1687,ok,2880,False,20,0,20,720,2.78
1688,ok,2048,False,20,0,20,512,3.91
1689,ok,2880,False,19,0,19,720,2.64
1690,ok,2832,False,20,0,20,708,2.82
1691,ok,2240,False,20,0,20,560,3.57
1692,ok,3184,False,20,0,20,796,2.51
1693,ok,3488,False,20,0,20,872,2.29
1694,ok,2272,False,20,0,20,568,3.52
1695,ok,2704,False,20,0,20,676,2.96
1696,ok,3440,False,20,0,20,860,2.33
1697,ok,2016,False,20,0,20,504,3.97
1698,ok,2208,False,20,0,20,552,3.62
1699,ok,3088,False,20,0,20,772,2.59
1700,ok,3248,False,20,0,20,812,2.46
1701,ok,2672,False,20,0,20,668,2.99
1702,ok,2816,False,20,0,20,704,2.84
1703,ok,3744,False,20,0,20,936,2.14
1704,ok,1168,False,20,0,20,292,6.85
1705,ok,2096,False,20,0,20,524,3.82
1706,ok,896,False,20,0,20,224,8.93
1707,ok,1568,False,20,0,20,392,5.10
1708,ok,2128,False,17,0,17,532,3.20
1709,ok,2528,False,17,0,17,632,2.69
1710,ok,1888,False,20,0,20,472,4.24
1711,ok,2096,False,20,0,20,524,3.82
1712,ok,3568,False,21,0,21,892,2.35
1713,ok,4768,False,21,0,21,1192,1.76
1714,ok,3328,False,21,0,21,832,2.52
1715,ok,3280,False,21,0,21,820,2.56
1716,ok,3392,False,21,0,21,848,2.48
1717,ok,2608,False,21,0,21,652,3.22
1718,ok,6176,False,20,0,20,1544,1.30
1719,ok,3888,False,20,0,20,972,2.06
1720,ok,2816,False,20,0,20,704,2.84
1721,ok,1984,False,20,0,20,496,4.03
1722,ok,944,False,20,0,20,236,8.47
1723,ok,1952,False,20,0,20,488,4.10
1724,ok,4560,False,21,0,21,1140,1.84
1725,ok,3552,False,21,0,21,888,2.36
1726,ok,1760,False,21,0,21,440,4.77
1727,ok,720,False,19,0,19,180,10.56
1728,ok,6544,False,21,0,21,1636,1.28
1729,ok,6544,False,21,0,21,1636,1.28
1730,ok,720,False,17,0,17,180,9.44
1731,ok,2496,False,19,0,19,624,3.04
1732,ok,1312,False,20,0,20,328,6.10
1733,ok,1344,False,20,0,20,336,5.95
1734,ok,2256,False,21,0,21,564,3.72
1735,ok,1552,False,21,0,21,388,5.41
1736,ok,4016,False,20,0,20,1004,1.99
1737,ok,880,False,20,0,20,220,9.09
1738,ok,1728,False,20,0,20,432,4.63
1739,ok,1808,False,21,0,21,452,4.65
1740,ok,1360,False,21,0,21,340,6.18
1741,ok,1776,False,21,0,21,444,4.73
1742,ok,1952,False,21,0,21,488,4.30
1743,ok,1488,False,21,0,21,372,5.65
1744,ok,1888,False,21,0,21,472,4.45
1745,ok,1520,False,21,0,21,380,5.53
1746,ok,4224,False,21,0,21,1056,1.99
1747,ok,1360,False,21,0,21,340,6.18
1748,ok,2880,False,21,0,21,720,2.92
1749,ok,1104,False,21,0,21,276,7.61
1750,ok,2480,False,21,0,21,620,3.39
1751,ok,1472,False,21,0,21,368,5.71
1752,ok,3696,False,21,0,21,924,2.27
1753,ok,1472,False,20,0,20,368,5.43
1754,ok,2848,False,20,0,20,712,2.81
1755,ok,2576,False,20,0,20,644,3.11
1756,ok,2224,False,20,0,20,556,3.60
1757,ok,3856,False,21,0,21,964,2.18
1758,ok,2208,False,20,0,20,552,3.62
1759,ok,2928,False,20,0,20,732,2.73
1760,ok,2528,False,20,0,20,632,3.16
1761,ok,2544,False,20,0,20,636,3.14
1762,ok,3840,False,21,0,21,960,2.19
1763,ok,3584,False,21,0,21,896,2.34
1764,ok,3248,False,20,0,20,812,2.46
1765,ok,4512,False,19,0,19,1128,1.68
1766,ok,5552,False,22,0,22,1388,1.59
1767,ok,2832,False,21,0,21,708,2.97
1768,ok,1696,False,20,0,20,424,4.72
1769,ok,2384,False,20,0,20,596,3.36
1770,ok,2224,False,20,0,20,556,3.60
1771,ok,2224,False,20,0,20,556,3.60
1772,ok,2704,False,20,0,20,676,2.96
1773,ok,3200,False,20,0,20,800,2.50
1774,ok,3648,False,20,0,20,912,2.19
1775,ok,3648,False,21,0,21,912,2.30
1776,ok,3680,False,21,0,21,920,2.28
1777,ok,3600,False,21,0,21,900,2.33
1778,ok,3712,False,20,0,20,928,2.16
1779,ok,2496,False,19,0,19,624,3.04
1780,ok,5536,False,22,0,22,1384,1.59
1781,ok,5360,False,21,0,21,1340,1.57
1782,ok,5952,False,21,0,21,1488,1.41
1783,ok,2704,False,20,0,20,676,2.96
1784,ok,4576,False,20,0,20,1144,1.75
1785,ok,4016,False,20,0,20,1004,1.99
1786,ok,3328,False,20,0,20,832,2.40
1787,ok,2688,False,20,0,20,672,2.98
1788,ok,1504,False,18,0,18,376,4.79
1789,ok,2272,False,20,0,20,568,3.52
1790,ok,2304,False,20,0,20,576,3.47
1791,ok,1072,False,20,0,20,268,7.46
1792,ok,1696,False,20,0,20,424,4.72
1793,ok,2064,False,20,0,20,516,3.88
1794,ok,976,False,20,0,20,244,8.20
1795,ok,1488,False,20,0,20,372,5.38
1796,ok,1312,False,20,0,20,328,6.10
1797,ok,1344,False,20,0,20,336,5.95
1798,ok,2944,False,19,0,19,736,2.58
1799,ok,1760,False,20,0,20,440,4.55
1800,ok,1616,False,20,0,20,404,4.95
1801,ok,5024,False,20,0,20,1256,1.59
1802,ok,4544,False,20,0,20,1136,1.76
1803,ok,5184,False,20,0,20,1296,1.54
1804,ok,4944,False,20,0,20,1236,1.62
1805,ok,3552,False,20,0,20,888,2.25
1806,ok,2352,False,20,0,20,588,3.40
1807,ok,1984,False,20,0,20,496,4.03
1808,ok,1424,False,20,0,20,356,5.62
1809,ok,2320,False,20,0,20,580,3.45
1810,ok,1952,False,20,0,20,488,4.10
1811,ok,2912,False,20,0,20,728,2.75
1812,ok,1152,False,20,0,20,288,6.94
1813,ok,528,False,18,0,18,132,13.64
1814,ok,3360,False,20,0,20,840,2.38
1815,ok,3632,False,16,0,16,908,1.76
1816,ok,2128,False,17,0,17,532,3.20
1817,ok,1488,False,17,0,17,372,4.57
1818,ok,1600,False,17,0,17,400,4.25
1819,ok,720,False,16,0,16,180,8.89
1820,ok,2944,False,18,0,18,736,2.45
1821,ok,2400,False,18,0,18,600,3.00
1822,ok,3216,False,18,0,18,804,2.24
1823,ok,1776,False,17,0,17,444,3.83
1824,ok,3856,False,19,0,19,964,1.97
1825,ok,2512,False,18,0,18,628,2.87
1826,ok,3456,False,19,0,19,864,2.20
1827,ok,8480,False,20,0,20,2120,0.94
1828,ok,1408,False,19,0,19,352,5.40
1829,ok,1376,False,19,0,19,344,5.52
1830,ok,944,False,18,0,18,236,7.63
1831,ok,2432,False,18,0,18,608,2.96
1832,ok,1152,False,18,0,18,288,6.25
1833,ok,1248,False,18,0,18,312,5.77
1834,ok,1472,False,19,0,19,368,5.16
1835,ok,3504,False,19,0,19,876,2.17
1836,ok,1488,False,19,0,19,372,5.11
1837,ok,1696,False,18,0,18,424,4.25
1838,ok,1776,False,19,0,19,444,4.28
1839,ok,2496,False,19,0,19,624,3.04
1840,ok,3200,False,19,0,19,800,2.38
1841,ok,1888,False,22,0,22,472,4.66
1842,ok,2768,False,22,0,22,692,3.18
1843,ok,3136,False,24,0,24,784,3.06
1844,ok,2128,False,20,0,20,532,3.76
1845,ok,3392,False,20,0,20,848,2.36
1846,ok,2976,False,20,0,20,744,2.69
1847,ok,2192,False,22,0,22,548,4.01
1848,ok,3104,False,22,0,22,776,2.84
1849,ok,3504,False,22,0,22,876,2.51
1850,ok,2080,False,20,0,20,520,3.85
1851,ok,2880,False,22,0,22,720,3.06
1852,ok,2368,False,19,0,19,592,3.21
1853,ok,3056,False,19,0,19,764,2.49
1854,ok,736,False,20,0,20,184,10.87
1855,ok,1776,False,20,0,20,444,4.50
1856,ok,1440,False,20,0,20,360,5.56
1857,ok,1504,False,20,0,20,376,5.32
1858,ok,1840,False,19,0,19,460,4.13
1859,ok,2320,False,20,0,20,580,3.45
1860,ok,1824,False,20,0,20,456,4.39
1861,ok,2160,False,19,0,19,540,3.52
1862,ok,3472,False,20,0,20,868,2.30
1863,ok,3120,False,20,0,20,780,2.56
1864,ok,2320,False,21,0,21,580,3.62
1865,ok,2704,False,21,0,21,676,3.11
1866,ok,3184,False,21,0,21,796,2.64
1867,ok,2272,False,21,0,21,568,3.70
1868,ok,3664,False,20,0,20,916,2.18
1869,ok,4160,False,20,0,20,1040,1.92
1870,ok,1792,False,19,0,19,448,4.24
1871,ok,1392,False,19,0,19,348,5.46
1872,ok,912,False,20,0,20,228,8.77
1873,ok,2080,False,20,0,20,520,3.85
1874,ok,912,False,21,0,21,228,9.21
1875,ok,912,False,21,0,21,228,9.21
1876,ok,4880,False,21,0,21,1220,1.72
1877,ok,1088,False,21,0,21,272,7.72
1878,ok,4544,False,21,0,21,1136,1.85
1879,ok,5472,False,21,0,21,1368,1.54
1880,ok,896,False,21,0,21,224,9.38
1881,ok,2288,False,19,0,19,572,3.32
1882,ok,1248,False,19,0,19,312,6.09
1883,ok,2016,False,20,0,20,504,3.97
1884,ok,2448,False,19,0,19,612,3.10
1885,ok,2048,False,19,0,19,512,3.71
1886,ok,5168,False,20,0,20,1292,1.55
1887,ok,880,False,17,0,17,220,7.73
1888,ok,1744,False,19,0,19,436,4.36
1889,ok,1184,False,21,0,21,296,7.09
1890,ok,992,False,21,0,21,248,8.47
1891,ok,2640,False,21,0,21,660,3.18
1892,ok,2560,False,21,0,21,640,3.28
1893,ok,1520,False,21,0,21,380,5.53
1894,ok,1536,False,21,0,21,384,5.47
1895,ok,1472,False,21,0,21,368,5.71
1896,ok,2816,False,21,0,21,704,2.98
1897,ok,1600,False,21,0,21,400,5.25
1898,ok,4000,False,21,0,21,1000,2.10
1899,ok,1424,False,21,0,21,356,5.90
1900,ok,2736,False,21,0,21,684,3.07
1901,ok,1264,False,21,0,21,316,6.65
1902,ok,4128,False,21,0,21,1032,2.03
1903,ok,1264,False,19,0,19,316,6.01
1904,ok,2864,False,20,0,20,716,2.79
1905,ok,2944,False,20,0,20,736,2.72
1906,ok,2544,False,20,0,20,636,3.14
1907,ok,3392,False,21,0,21,848,2.48
1908,ok,1664,False,19,0,19,416,4.57
1909,ok,2976,False,20,0,20,744,2.69
1910,ok,2800,False,20,0,20,700,2.86
1911,ok,2672,False,20,0,20,668,2.99
1912,ok,2208,False,19,0,19,552,3.44
1913,ok,2608,False,20,0,20,652,3.07
1914,ok,2496,False,19,0,19,624,3.04
1915,ok,4048,False,19,0,19,1012,1.88
1916,ok,5376,False,20,0,20,1344,1.49
1917,ok,5392,False,20,0,20,1348,1.48
1918,ok,2032,False,19,0,19,508,3.74
1919,ok,2464,False,19,0,19,616,3.08
1920,ok,2976,False,19,0,19,744,2.55
1921,ok,2992,False,19,0,19,748,2.54
1922,ok,2480,False,19,0,19,620,3.06
1923,ok,3984,False,19,0,19,996,1.91
1924,ok,3824,False,19,0,19,956,1.99
1925,ok,3728,False,19,0,19,932,2.04
1926,ok,3792,False,19,0,19,948,2.00
1927,ok,2288,False,19,0,19,572,3.32
1928,ok,2848,False,19,0,19,712,2.67
1929,ok,3168,False,19,0,19,792,2.40
1930,ok,3296,False,19,0,19,824,2.31
1931,ok,3168,False,19,0,19,792,2.40
1932,ok,3424,False,19,0,19,856,2.22
1933,ok,4432,False,19,0,19,1108,1.71
1934,ok,2672,False,19,0,19,668,2.84
1935,ok,2304,False,19,0,19,576,3.30
1936,ok,2656,False,19,0,19,664,2.86
1937,ok,3040,False,19,0,19,760,2.50
1938,ok,4848,False,20,0,20,1212,1.65
1939,ok,2400,False,19,0,19,600,3.17
1940,ok,1888,False,19,0,19,472,4.03
1941,ok,1584,False,20,0,20,396,5.05
1942,ok,1712,False,20,0,20,428,4.67
1943,ok,1840,False,17,0,17,460,3.70
1944,ok,5232,False,21,0,21,1308,1.61
1945,ok,5200,False,21,0,21,1300,1.62
1946,ok,2912,False,20,0,20,728,2.75
1947,ok,3584,False,19,0,19,896,2.12
1948,ok,2256,False,20,0,20,564,3.55
1949,ok,3072,False,21,0,21,768,2.73
1950,ok,3616,False,21,0,21,904,2.32
1951,ok,3520,False,22,0,22,880,2.50
1952,ok,3952,False,22,0,22,988,2.23
1953,ok,6672,False,20,0,20,1668,1.20
1954,ok,9360,False,20,0,20,2340,0.85
1955,ok,496,False,20,0,20,124,16.13
1956,ok,3776,False,20,0,20,944,2.12
1957,ok,6448,False,20,0,20,1612,1.24
1958,ok,1712,False,20,0,20,428,4.67
1959,ok,1776,False,20,0,20,444,4.50
1960,ok,1904,False,20,0,20,476,4.20
1961,ok,944,False,20,0,20,236,8.47
1962,ok,2896,False,20,0,20,724,2.76
1963,ok,1952,False,20,0,20,488,4.10
1964,ok,2896,False,20,0,20,724,2.76
1965,ok,1536,False,20,0,20,384,5.21
1966,ok,3264,False,21,0,21,816,2.57
1967,ok,2288,False,20,0,20,572,3.50
1968,ok,2016,False,20,0,20,504,3.97
1969,ok,2000,False,20,0,20,500,4.00
1970,ok,1792,False,20,0,20,448,4.46
1971,ok,1040,False,20,0,20,260,7.69
1972,ok,1056,False,20,0,20,264,7.58
1973,ok,1152,False,20,0,20,288,6.94
1974,ok,4592,False,20,0,20,1148,1.74
1975,ok,1456,False,20,0,20,364,5.49
1976,ok,1904,False,20,0,20,476,4.20
1977,ok,2048,False,20,0,20,512,3.91
1978,ok,3664,False,20,0,20,916,2.18
1979,ok,1120,False,20,0,20,280,7.14
1980,ok,1808,False,20,0,20,452,4.42
1981,ok,1312,False,20,0,20,328,6.10
1982,ok,2112,False,20,0,20,528,3.79
1983,ok,2480,False,20,0,20,620,3.23
1984,ok,1328,False,20,0,20,332,6.02
1985,ok,1808,False,20,0,20,452,4.42
1986,ok,2304,False,20,0,20,576,3.47
1987,ok,1328,False,20,0,20,332,6.02
1988,ok,2096,False,20,0,20,524,3.82
1989,ok,2240,False,20,0,20,560,3.57
1990,ok,1008,False,20,0,20,252,7.94
1991,ok,3008,False,20,0,20,752,2.66
1992,ok,3136,False,20,0,20,784,2.55
1993,ok,2528,False,21,0,21,632,3.32
1994,ok,912,False,21,0,21,228,9.21
1995,ok,4752,False,21,0,21,1188,1.77
1996,ok,6096,False,21,0,21,1524,1.38
1997,ok,4288,False,20,0,20,1072,1.87
1998,ok,1616,False,20,0,20,404,4.95
1999,ok,3008,False,20,0,20,752,2.66
2000,ok,3264,False,20,0,20,816,2.45
2001,ok,2912,False,20,0,20,728,2.75
2002,ok,1904,False,20,0,20,476,4.20
2003,ok,4240,False,21,0,21,1060,1.98
2004,ok,3392,False,20,0,20,848,2.36
2005,ok,2656,False,20,0,20,664,3.01
2006,ok,2768,False,20,0,20,692,2.89
2007,ok,2192,False,21,0,21,548,3.83
2008,ok,3632,False,21,0,21,908,2.31
2009,ok,3408,False,20,0,20,852,2.35
2010,ok,3584,False,20,0,20,896,2.23
2011,ok,4160,False,20,0,20,1040,1.92
2012,ok,4688,False,21,0,21,1172,1.79
2013,ok,1712,False,20,0,20,428,4.67
2014,ok,2048,False,20,0,20,512,3.91
2015,ok,3488,False,20,0,20,872,2.29
2016,ok,3296,False,20,0,20,824,2.43
2017,ok,6336,False,21,0,21,1584,1.33
2018,ok,4448,False,20,0,20,1112,1.80
2019,ok,4448,False,20,0,20,1112,1.80
2020,ok,4464,False,20,0,20,1116,1.79
2021,ok,3216,False,20,0,20,804,2.49
2022,ok,3600,False,20,0,20,900,2.22
2023,ok,5168,False,20,0,20,1292,1.55
2024,ok,4704,False,20,0,20,1176,1.70
2025,ok,6480,False,21,0,21,1620,1.30
2026,ok,2928,False,20,0,20,732,2.73
2027,ok,4112,False,21,0,21,1028,2.04
2028,ok,4320,False,20,0,20,1080,1.85
2029,ok,2336,False,21,0,21,584,3.60
2030,ok,4208,False,21,0,21,1052,2.00
2031,ok,2528,False,20,0,20,632,3.16
2032,ok,3840,False,20,0,20,960,2.08
2033,ok,1040,False,21,0,21,260,8.08
2034,ok,1968,False,21,0,21,492,4.27
2035,ok,2672,False,21,0,21,668,3.14
2036,ok,1968,False,21,0,21,492,4.27
2037,ok,960,False,21,0,21,240,8.75
2038,ok,1632,False,21,0,21,408,5.15
2039,ok,1040,False,21,0,21,260,8.08
2040,ok,1136,False,21,0,21,284,7.39
2041,ok,1664,False,21,0,21,416,5.05
2042,ok,2000,False,21,0,21,500,4.20
2043,ok,1072,False,21,0,21,268,7.84
2044,ok,1536,False,21,0,21,384,5.47
2045,ok,1152,False,21,0,21,288,7.29
2046,ok,2400,False,21,0,21,600,3.50
2047,ok,1072,False,21,0,21,268,7.84
2048,ok,2800,False,21,0,21,700,3.00
2049,ok,1184,False,21,0,21,296,7.09
2050,ok,2800,False,21,0,21,700,3.00
2051,ok,976,False,21,0,21,244,8.61
2052,ok,3760,False,21,0,21,940,2.23
2053,ok,880,False,21,0,21,220,9.55
2054,ok,1520,False,20,0,20,380,5.26
2055,ok,2144,False,20,0,20,536,3.73
2056,ok,2400,False,20,0,20,600,3.33
2057,ok,1840,False,20,0,20,460,4.35
2058,ok,2128,False,20,0,20,532,3.76
2059,ok,2304,False,20,0,20,576,3.47
2060,ok,1552,False,20,0,20,388,5.15
2061,ok,2528,False,20,0,20,632,3.16
2062,ok,3808,False,20,0,20,952,2.10
2063,ok,3472,False,20,0,20,868,2.30
2064,ok,832,False,20,0,20,208,9.62
2065,ok,3184,False,21,0,21,796,2.64
2066,ok,2944,False,21,0,21,736,2.85
2067,ok,3904,False,21,0,21,976,2.15
2068,ok,3552,False,21,0,21,888,2.36
2069,ok,5456,False,20,0,20,1364,1.47
2070,ok,5344,False,20,0,20,1336,1.50
2071,ok,1088,False,20,0,20,272,7.35
2072,ok,3280,False,20,0,20,820,2.44
2073,ok,1408,False,20,0,20,352,5.68
2074,ok,4336,False,21,0,21,1084,1.94
2075,ok,5120,False,21,0,21,1280,1.64
2076,ok,2080,False,20,0,20,520,3.85
2077,ok,2112,False,20,0,20,528,3.79
2078,ok,1408,False,20,0,20,352,5.68
2079,ok,1760,False,20,0,20,440,4.55
2080,ok,2320,False,20,0,20,580,3.45
2081,ok,10752,False,21,0,21,2688,0.78
2082,ok,10592,False,21,0,21,2648,0.79
2083,ok,768,False,20,0,20,192,10.42
2084,ok,848,False,20,0,20,212,9.43
2085,ok,2976,False,20,0,20,744,2.69
2086,ok,5472,False,20,0,20,1368,1.46
2087,ok,5936,False,20,0,20,1484,1.35
2088,ok,6064,False,21,0,21,1516,1.39
2089,ok,3248,False,21,0,21,812,2.59
2090,ok,2464,False,20,0,20,616,3.25
2091,ok,1728,False,20,0,20,432,4.63
2092,ok,2992,False,20,0,20,748,2.67
2093,ok,2544,False,20,0,20,636,3.14
2094,ok,1408,False,20,0,20,352,5.68
2095,ok,3136,False,20,0,20,784,2.55
2096,ok,496,False,20,0,20,124,16.13
2097,ok,3728,False,20,0,20,932,2.15
2098,ok,1360,False,20,0,20,340,5.88
2099,ok,1984,False,20,0,20,496,4.03
2100,ok,2192,False,20,0,20,548,3.65
2101,ok,3280,False,20,0,20,820,2.44
2102,ok,1776,False,20,0,20,444,4.50
2103,ok,5680,False,20,0,20,1420,1.41
2104,ok,2864,False,20,0,20,716,2.79
2105,ok,1312,False,20,0,20,328,6.10
2106,ok,2096,False,20,0,20,524,3.82
2107,ok,2496,False,20,0,20,624,3.21
2108,ok,1456,False,20,0,20,364,5.49
2109,ok,816,False,20,0,20,204,9.80
2110,ok,3104,False,20,0,20,776,2.58
2111,ok,496,False,20,0,20,124,16.13
2112,ok,1648,False,20,0,20,412,4.85
2113,ok,1792,False,20,0,20,448,4.46
2114,ok,496,False,20,0,20,124,16.13
2115,ok,6496,False,20,0,20,1624,1.23
2116,ok,3296,False,20,0,20,824,2.43
2117,ok,1152,False,20,0,20,288,6.94
2118,ok,1744,False,20,0,20,436,4.59
2119,ok,544,False,20,0,20,136,14.71
2120,ok,1312,False,20,0,20,328,6.10
2121,ok,1312,False,20,0,20,328,6.10
2122,ok,1120,False,20,0,20,280,7.14
2123,ok,4160,False,20,0,20,1040,1.92
2124,ok,1312,False,20,0,20,328,6.10
2125,ok,1344,False,20,0,20,336,5.95
2126,ok,1808,False,20,0,20,452,4.42
2127,ok,3872,False,20,0,20,968,2.07
2128,ok,1104,False,20,0,20,276,7.25
2129,ok,2960,False,20,0,20,740,2.70
2130,ok,1104,False,20,0,20,276,7.25
2131,ok,13872,False,20,0,20,3468,0.58
